comment_id,video_id,author_channel_id,author_display_name,text_original,published_at,like_count,is_reply,reply_count,sentiment_vader_compound,sentiment_vader_score,topic_cluster,behavior_cluster,persona,network_community
UgwyVy4un6O4Eyi9fC54AaABAg,PHe0bXAIuk0,UCJoO-Cc3f8ngdy3vOioGVpw,@agbornahjonathan1683,â¤â¤â¤â¤â¤,2026-01-02T22:43:18Z,0,False,0,0.9719,1,-1,3,Casual Viewer,1
UgyDLLDsb8-NSaYT9Ux4AaABAg,PHe0bXAIuk0,UCK3LUCzhoXITAKIzz5Plo_Q,@samuelsongomes,JAN 2026,2026-01-02T14:51:47Z,0,False,0,0.0,0,-1,3,Casual Viewer,1
UgzhQ1ydjWf2PnLIIS14AaABAg,PHe0bXAIuk0,UCGSVEshVlwrtKePTdyvxNuA,@CaowmsuehNaowmsus,Iâ€™ve never understood this so well before!,2026-01-02T11:28:06Z,0,False,0,0.4648,1,-1,3,Casual Viewer,1
Ugw_u6sKfz6mLBwD9G14AaABAg,PHe0bXAIuk0,UCX0dkeHeJAYQr77LKEicsGw,@irisjeremie1939,â¤,2026-01-02T09:08:18Z,0,False,0,0.6369,1,-1,3,Casual Viewer,1
UgxNUvv2drZr8vzDof14AaABAg,PHe0bXAIuk0,UCF7XKVmLWwwyB-GAtdStldA,@daily_2DStories1228,2026 anyone?,2026-01-02T07:25:10Z,0,False,0,0.0,0,-1,3,Casual Viewer,1
UgwkjBRhEhKZmBqhkKx4AaABAg,PHe0bXAIuk0,UCmgNb5BsQ3rybZlDgR94zeQ,@rajupramanik6190,â¤,2026-01-01T15:56:27Z,1,False,0,0.6369,1,-1,3,Casual Viewer,1
Ugy043BlD33Ma09AyVl4AaABAg,PHe0bXAIuk0,UCCBr1XNVEDMWMu4b-4ZX0PQ,@iabid_467,"Who's watching January 1, 2026",2026-01-01T15:27:52Z,0,False,0,0.0,0,-1,3,Casual Viewer,2
UgxoHq8MYGKhXvo6gF94AaABAg,PHe0bXAIuk0,UCG_OMkzXEr0RWfEnSZ9L9Ug,@WealthGameTheory,"Respect to Dalio for demystifying the ""Economic Machine."" His focus on credit as a volatility driver is elite. Sun Tzu said: ""Plan for what is difficult while it is easy."" Mastering cycles is how one wins without battle, positioning assets before the ""lost decade"" hits.

In a world addicted to credit, are you building your productivity as the ultimate fortress, or is your strategy still hostage to the Central Bank's printing press?â¤",2026-01-01T14:15:08Z,1,False,0,0.9429,1,-1,0,Casual Viewer,2
Ugz1aEKyvTsKKx-X95F4AaABAg,PHe0bXAIuk0,UCJVuXIC4HQv9oi1ve0KoMDA,@Sheria-l1v,Who in 2026,2025-12-31T20:00:17Z,1,False,0,0.0,0,-1,3,Casual Viewer,2
UgwBz6_yDagBt-jz0HN4AaABAg,PHe0bXAIuk0,UCxI2KteOZWkNX0UKB3XNk0w,@PlamersDaniels,"This helped me a lot, really appreciate it.",2025-12-31T15:51:31Z,0,False,0,0.4576,1,-1,3,Casual Viewer,2
UgzQQnktydohOGa9DW94AaABAg,PHe0bXAIuk0,UC-4bgRet1f4PVHdPD3KRXMg,@ValentimGuenduoa,Iâ€™m blown away by how good this tutorial is!,2025-12-31T11:04:27Z,0,False,0,0.4926,1,-1,3,Casual Viewer,4
UgxzKy_4KbuX8N7ZaJJ4AaABAg,PHe0bXAIuk0,UC1TOpNwaDxEl90H-fYR42ig,@FortuneFiles.Channel1,Nice ,2025-12-31T03:48:45Z,0,False,0,0.4215,1,-1,3,Casual Viewer,4
Ugw_wLys6mceum4LjeB4AaABAg,PHe0bXAIuk0,UCb0As0QNbzjpGYHzuoJ1m1Q,@linchelsea-k7u,"Hi Ray, I am watching this in 2025. thank you .and I read your book, too....",2025-12-30T03:46:48Z,0,False,0,0.3612,1,-1,3,Casual Viewer,4
Ugzsqh4jomyqUkSffrF4AaABAg,PHe0bXAIuk0,UC-lSRIKWBbzGcLzArRSK--Q,@kookoo6128,black people only have nightmares because the last one to have a dream got shot,2025-12-29T14:09:30Z,0,False,0,0.25,1,-1,3,Casual Viewer,8
UgwJERih6Rx7tLOpYJp4AaABAg,PHe0bXAIuk0,UC9t_6W9U_heB7QpmjHBniLw,@danadian100,Pierre Poilievre needs to watch this video to understand Mark Carney's budget.,2025-12-28T18:36:22Z,0,False,0,0.0,0,-1,3,Casual Viewer,8
UgzE5aoV4UmlhJLcXHd4AaABAg,PHe0bXAIuk0,UCnh8cWVXpJgdDGhubQNK_gw,@DearMoney_Vibe,ğŸ‰good content and Finance for the future of the world,2025-12-28T09:57:24Z,0,False,0,0.4019,1,-1,2,Casual Viewer,8
UgzIYJyMHZ1wjildOj14AaABAg,PHe0bXAIuk0,UCu6IEeLkXBH0G3KvFuPdMJg,@phungkhanhlam7627,"I am just a student now, but this gripping economic lesson bring me more knowledge to explain why Vietnam had suffered such a bad inflationary in the 1990s, with hundreds percent up each year.",2025-12-26T15:40:11Z,2,False,0,-0.8765,-1,-1,0,Casual Viewer,8
UgwDepNmrXX6kIXq5f94AaABAg,PHe0bXAIuk0,UCAy6wjxaOYfvhMSD0q52nWw,@AkashThiyagalingam,"How about full traders and investors? But they are still wealthy, eventhough they don't have productive.",2025-12-25T11:47:21Z,0,False,0,0.5023,1,-1,3,Casual Viewer,9
Ugx9GZqFLPLp5NiAz0t4AaABAg,PHe0bXAIuk0,UCkqly0_bijRjXzluYcf9HrQ,@Mdsamim-go8rp,"What a editing, amazing â¤â¤",2025-12-25T06:08:23Z,0,False,0,0.9217,1,-1,3,Casual Viewer,9
Ugy4USwSfsS8ajqTWHJ4AaABAg,PHe0bXAIuk0,UCOQiH3JyByU4fNjnoIFx3xQ,@wayneswildworld,"A question I have with this explanation is, that in the bar tender example... Ray says that if the buyer defaults on his debt the bar tender doesn't make money, but that is not true. The bank puts the dollars in the bar tenders account right away. The bank is the one that gets stuck with the burden of losing money when a borrower can't pay. This obviously doesn't change the fact that one persons debt is another's income and then spending is going to decrease as a result of people not being able to pay. So what would be good to add to this is exactly who and what was ""wrong"" when he mentions that ""people"" thought ""wealth/assets"" were money, but they were really credit (during minute 24). Because my understanding is that it is only the bank and other major lenders that were wrong about wealth really being credit, maybe also stock market investors, but I have a feeling there is a much better answer that I cannot find.",2025-12-24T17:27:15Z,1,False,0,-0.4399,-1,-1,0,Casual Viewer,9
UgyiSLU1y6oW9BBuU9V4AaABAg,PHe0bXAIuk0,UC5flm1IKZBH3vAPRe_mZGDA,@nazty121,"As well explained as this is, I think I'll need to watch it 10 times to understand it. Is that just me?",2025-12-24T16:47:45Z,0,False,0,0.2732,1,-1,3,Casual Viewer,9
UgyYV5InGiZSj4PGBe54AaABAg,PHe0bXAIuk0,UCS92tLj64RgGijtVLQZPe6g,@garfaaldo,"man this really feels resonate to our times. everyone i know puts themselves in debt somehow. w education, homes, cars. i bought a 03 prius for $4500 cash a few years back. things are weird. i rent a room above the restaurant i work. i canâ€™t imagine playing in this system:",2025-12-23T20:27:44Z,0,False,0,-0.34,-1,-1,0,Casual Viewer,9
Ugxu_2flAnx_JI2D0NZ4AaABAg,PHe0bXAIuk0,UC4tIWEGOkTiyM1hEzOgnLhQ,@rulegacyp,Who is watching this in 2026,2025-12-23T11:47:44Z,0,False,0,0.0,0,-1,3,Casual Viewer,13
Ugx0HMevEYYDe6teQmR4AaABAg,PHe0bXAIuk0,UCGM9aQLJEVgZiPpCVV0U00A,@AshokKumar-iw6pp,"why nobody is talking about the great level of editing in this video, can't believe someone did this 12 years ago !!ğŸ˜¶â€ğŸŒ«ï¸",2025-12-21T17:01:28Z,1,False,0,0.6892,1,-1,3,Casual Viewer,13
UgwxUrsf_Rjz4gJeBPt4AaABAg,PHe0bXAIuk0,UCFy9qzBA4bN-V6aFOs3RAYQ,@BukkyEssien,Who's watching December 2025?,2025-12-17T20:25:01Z,72,False,9,0.0,0,-1,1,Conversation Starter,13
UgwxUrsf_Rjz4gJeBPt4AaABAg.AQqgheJWuOYAQwCSOczlab,PHe0bXAIuk0,UCqdiye3D5OmIDiLxixJQYog,@TheMattez79,Nasdaq 100?,2025-12-19T23:47:21Z,1,True,0,0.0,0,-1,2,Casual Viewer,13
UgwxUrsf_Rjz4gJeBPt4AaABAg.AQqgheJWuOYAR4Px-Vh_Y-,PHe0bXAIuk0,UCT2UWg0jowBAqZEF9jUSp5Q,@diegodmitry,ğŸ™‹ğŸ»â€â™‚ï¸,2025-12-23T13:38:26Z,2,True,0,0.4939,1,-1,2,Casual Viewer,13
UgwxUrsf_Rjz4gJeBPt4AaABAg.AQqgheJWuOYARBuSeOFLHb,PHe0bXAIuk0,UC67PF6LqSby4CWQvr80Y9eg,@CompBusi,â€‹@TheMattez79nasdaq  ğŸ“ˆ uper ya niche ?,2025-12-26T11:28:27Z,0,True,0,0.0,0,-1,2,Casual Viewer,8
UgwxUrsf_Rjz4gJeBPt4AaABAg.AQqgheJWuOYARGtdd1A4Z_,PHe0bXAIuk0,UCnh8cWVXpJgdDGhubQNK_gw,@DearMoney_Vibe,â¤,2025-12-28T09:57:33Z,1,True,0,0.6369,1,-1,2,Casual Viewer,8
UgwxUrsf_Rjz4gJeBPt4AaABAg.AQqgheJWuOYARKYSxk1XEP,PHe0bXAIuk0,UCxeXqcQhIxm2yWW07dCo4Sw,@skrrtking8882,here!,2025-12-29T20:00:41Z,1,True,0,0.0,0,-1,2,Casual Viewer,4
Ugww3wNrTzw0w44AWjR4AaABAg,PHe0bXAIuk0,UCyztJyxHfv9IZWy7ZBO0AGQ,@luisgarrido2166,"If you are ""friend"" of the Governmet (who has the money printer) will benefit yoursef. If you are mid class, you will pay for all this mess.",2025-12-17T18:53:23Z,0,False,0,0.4451,1,-1,0,Casual Viewer,15
Ugy6oFFHzjOcqrGPox14AaABAg,PHe0bXAIuk0,UCzqt2jICqCLF1llbusQBIHQ,@boburkhusanov,I know that politicians learn from same source but can't prove it ğŸ˜…,2025-12-16T17:13:44Z,0,False,0,-0.395,-1,-1,3,Casual Viewer,15
UgwgnZf87Wha8pJt6m14AaABAg,PHe0bXAIuk0,UCzqt2jICqCLF1llbusQBIHQ,@boburkhusanov,Big Beautiful Bill,2025-12-16T17:09:19Z,0,False,0,0.5994,1,-1,3,Casual Viewer,15
Ugy0cB9BwDrHAqlA_Sp4AaABAg,PHe0bXAIuk0,UCzqt2jICqCLF1llbusQBIHQ,@boburkhusanov,Bridgewater Associates,2025-12-16T17:03:15Z,0,False,0,0.0,0,-1,3,Casual Viewer,15
Ugwcy3oSeV6sJfDyu654AaABAg,PHe0bXAIuk0,UCDtk0b152dIGQjSupqD2Z7Q,@akito392,I understood credit from 10:27 to 11:00. This video is great for learning money.,2025-12-15T12:19:09Z,0,False,0,0.7717,1,-1,3,Casual Viewer,15
UgwhBE0A1SvsognfoAJ4AaABAg,PHe0bXAIuk0,UCYLU4afcC85nPv3VJqQBLIw,@leorubinstein9615,"I hate how this YouTube channel explains A topic to completion, dismantling your ability to think for yourself or form an opinion. Even destroying any pride you had in your long held beliefs, even if they were the same thing he says in the video. It has a powerful brainwashing effect but itâ€™s easy to disregard that because itâ€™s a topic that youâ€™re interested in.ğŸ˜±ğŸ˜±ğŸ˜±ğŸ¥º
Thatâ€™s my opinion on this YouTube channel but I ask you to try to think for yourself this clearly After watching one of his 30 minute explainer videos, you canâ€™t do it. Or can you? prove me wrong.",2025-12-14T13:02:28Z,1,False,2,-0.966,-1,-1,2,Casual Viewer,15
UgwhBE0A1SvsognfoAJ4AaABAg.AQiAfjhoJgZAQiAlTsdi2G,PHe0bXAIuk0,UCYLU4afcC85nPv3VJqQBLIw,@leorubinstein9615,I put this in my own comments to make more people look at it,2025-12-14T13:03:15Z,1,True,0,0.0,0,-1,2,Casual Viewer,15
UgwhBE0A1SvsognfoAJ4AaABAg.AQiAfjhoJgZAQiCHiBWVwY,PHe0bXAIuk0,UCYLU4afcC85nPv3VJqQBLIw,@leorubinstein9615,Ps its best not to watch this while your tired,2025-12-14T13:16:32Z,0,True,0,0.3182,1,-1,2,Casual Viewer,15
UgzvpH2MUNb4rnVPSIF4AaABAg,PHe0bXAIuk0,UCON44RaGk08Z2phmqFIliYg,@pallavijoshi319,This animation is done by him 12 years ago?? ğŸ˜®,2025-12-14T10:03:53Z,0,False,0,0.0,0,-1,3,Casual Viewer,16
UgwGTasiVx5g3Aiemc14AaABAg,PHe0bXAIuk0,UCf_ZIKFt_3NVrPZdqoANsOw,@Invest_karO,The same video Sandeep Maheswari watched.,2025-12-14T06:12:21Z,1,False,0,0.0,0,-1,3,Casual Viewer,16
UgyDmF-pnb_n978XT9h4AaABAg,PHe0bXAIuk0,UCA2MErvxVJUYeHa__8VZMAA,@mananibhasin,"Apart from the effortless explanation, the animation instantly grabs hold of the viewer; at the same time adding so much more meaning to what is being taught.. ğŸ‘ğŸ™Œ Also, the fact that this video was made 12 years ago, amazing! ğŸ¤¯",2025-12-13T21:16:31Z,0,False,0,0.6239,1,-1,2,Casual Viewer,16
UgztmTsHt7mF_1F4sex4AaABAg,PHe0bXAIuk0,UC9Wu_48kBKeemokwLKOQAiQ,@MrVrajitorul,"The thing about working more and getting paid more is usually false. If I work more I NEVER got paid more, but my boss did, so why should I?",2025-12-13T18:24:39Z,0,False,0,0.0,0,-1,0,Casual Viewer,16
UgzbuEnh9SNBk8WnSBt4AaABAg,PHe0bXAIuk0,UC1OgdPwZBu_IPqaMnYaZkZw,@TopGsClips-xp8dj,"25 : 12,so central bank could buy stocks and own it???",2025-12-13T10:28:46Z,0,False,0,0.0,0,-1,3,Casual Viewer,17
UgzfnYEt6dtStY6-yq14AaABAg,PHe0bXAIuk0,UCOKtKcDdJsHh47HzPJEzwZw,@programmersamyak,I will watch this unlimited time until and unless I understand it's full intent. I am not able to understand even it's 0.01%,2025-12-12T18:44:43Z,1,False,0,0.0,0,-1,3,Casual Viewer,17
UgxUe53LdPWFjCdXEBV4AaABAg,PHe0bXAIuk0,UCdX277bor_ULTSYdfzAGEew,@AnshuKumar-if7jz,Absolutely incredibleâ¤ in just 30 minutes i learned so much...,2025-12-12T15:03:29Z,1,False,0,0.6948,1,-1,3,Casual Viewer,17
UgxAeeXoVxnCk1jD61F4AaABAg,PHe0bXAIuk0,UCZdYgoFeoHLQtp65baADykw,@pulkitchaurasia1780,"India is in a ultra rare goldilock moment, the GDP is growing at 8%  and the inflation rate is near zero. The repo rates (interest rates) is 5.5%

So means debts and income are quite balanced. Correct me if I am wrong please.",2025-12-11T21:13:58Z,1,False,0,0.4404,1,-1,0,Casual Viewer,17
Ugxs7zh8Dygtn4px4-h4AaABAg,PHe0bXAIuk0,UCHTPAEdSTtK8bYfOROpc33A,@TinytalesWorld-n7z,this is like a treasure for me .,2025-12-11T08:54:46Z,1,False,0,0.5719,1,-1,3,Casual Viewer,21
UgzMv_H1VSiNC87koPR4AaABAg,PHe0bXAIuk0,UCHTPAEdSTtK8bYfOROpc33A,@TinytalesWorld-n7z,the animation  is too good ğŸ˜˜.,2025-12-11T08:32:28Z,3,False,0,0.6908,1,-1,3,Casual Viewer,21
Ugz1EHrlpVUcelOuhXx4AaABAg,PHe0bXAIuk0,UC_mPoKtlz0aCBTeLLberVsw,@surendrakarpe8247,Too good to be present on youtube,2025-12-11T03:13:44Z,1,False,0,0.4404,1,-1,3,Casual Viewer,21
UgxsvSNmpx_WJCJ5ZYB4AaABAg,PHe0bXAIuk0,UCcs0zNk15NWHSLfMxD4WBYA,@HappyJuice-tv,I went searching to understand why benefits existed,2025-12-11T00:01:44Z,1,False,0,0.3818,1,-1,3,Casual Viewer,21
UgyCGHD-yctHRortWNl4AaABAg,PHe0bXAIuk0,UCkMDxYqNgJcSHWA_fG5I61g,@ankushpandey7045,Less Spending => Less income => Less Wealth => Less Credit => Less Borrowing=> Less Spending,2025-12-09T15:30:54Z,1,False,0,0.6386,1,-1,3,Casual Viewer,21
Ugzhus1ehK7285_heZF4AaABAg,PHe0bXAIuk0,UCPvT5VrzFd9YS-cAiG7LTjw,@ABHI-pd4wk,who is watching in 2026,2025-12-08T20:48:45Z,2,False,1,0.0,0,-1,3,Casual Viewer,22
Ugzhus1ehK7285_heZF4AaABAg.AQUZGc28NiDAQV6FB5-l1u,PHe0bXAIuk0,UCpIspc4mVuCZENjZWJKkc7g,@viniciusabrantes2445,For some reason I've just discovered it now,2025-12-09T01:54:23Z,1,True,0,0.0,0,-1,2,Casual Viewer,21
UgxKNukGGf0h6az5jtt4AaABAg,PHe0bXAIuk0,UCD5SRXTJRrmcDAwTIElXiOQ,@AaronLandryd-x3h,You made something complicated feel effortless!,2025-12-07T12:50:00Z,2,False,0,0.0,0,-1,3,Casual Viewer,22
UgwJh-SNFyaX1dx-27Z4AaABAg,PHe0bXAIuk0,UCTkF-Klgru2bIRTXwBhqC1w,@ZayedKhanZayedKhan-t6x,Iâ€™m completely energized to try this now!,2025-12-07T09:26:06Z,1,False,0,0.5974,1,-1,3,Casual Viewer,22
Ugw3tfjGaPQNQ4V432V4AaABAg,PHe0bXAIuk0,UC1h47lL9KTkzRq6IUKZCXcw,@MomgsYeduv,"I finally get it, and now Iâ€™m unstoppable. Proceed with caution.",2025-12-07T05:43:36Z,1,False,0,-0.2023,-1,-1,3,Casual Viewer,22
UgxuYXzNd0qoYkgHHl14AaABAg,PHe0bXAIuk0,UCeI7SUNzzEd2ftL5Oj1lr8Q,@AdjbJv,This video just turned me into the person people ask for help. Terrifying.,2025-12-07T05:02:37Z,1,False,0,-0.25,-1,-1,3,Casual Viewer,26
UgxLxa2n8Ry-0fESPLh4AaABAg,PHe0bXAIuk0,UCDzx2XsiVeJYkIZIPOsURZQ,@JdhgvyFufhgfu,I understood this so well Iâ€™m suspicious.,2025-12-07T01:35:20Z,2,False,0,-0.0058,0,-1,3,Casual Viewer,26
UgwHN1tqlx1I9Z6YQgJ4AaABAg,PHe0bXAIuk0,UCYsrGefaW09IsbstH-_zAWw,@muhammadsadiq-b3y,Your explanation is unbelievably good!,2025-12-06T22:09:03Z,1,False,0,0.54,1,-1,3,Casual Viewer,26
UgyTXORq2IAlhSSBhMd4AaABAg,PHe0bXAIuk0,UCU_ILOZ7VNGd_1LeyGmhPyg,@KouakouaxelKouassi,"I was ready to give up, but then this video said ""not today.""",2025-12-06T10:06:24Z,2,False,1,0.1901,1,-1,3,Casual Viewer,26
UgyTXORq2IAlhSSBhMd4AaABAg.AQOGABGPAsuAQXET5HGPcc,PHe0bXAIuk0,UCOHPu3IY5sIoZvmaarXlmKQ,@jejun0tr,"there's always one more reason to go on, one more thing to try. don't give up!",2025-12-09T21:44:40Z,0,True,0,0.0,0,-1,2,Casual Viewer,21
UgxSaqCloyfDFUV8vid4AaABAg,PHe0bXAIuk0,UChNqw2UbRybQwlZGWFE_weg,@liennguyenthi-b6p,Iâ€™m so impressed I had to comment immediately!,2025-12-06T09:44:18Z,1,False,0,0.5697,1,-1,3,Casual Viewer,26
UgxIpCm4pF7GBg6iKK94AaABAg,PHe0bXAIuk0,UC0tjXxH5UYDkmb9qLhSbmuw,@TDf-k1f,Iâ€™m ready to explain this to strangers at the grocery store.,2025-12-06T08:47:50Z,2,False,1,0.3612,1,-1,3,Casual Viewer,28
UgxIpCm4pF7GBg6iKK94AaABAg.AQO7Ah_YOLjAQgSB641e2L,PHe0bXAIuk0,UCA2MErvxVJUYeHa__8VZMAA,@mananibhasin,"""...and since one man's spending is another man's income...""",2025-12-13T20:56:57Z,1,True,0,0.0,0,-1,2,Casual Viewer,16
UgxZiE-GKNIS9p6nIFB4AaABAg,PHe0bXAIuk0,UCC5o_wWVnx_pnX_J0ewMPpA,@FernandoArteaga-s1q,Iâ€™ve never understood this so well before!,2025-12-06T07:30:06Z,1,False,0,0.4648,1,-1,3,Casual Viewer,28
UgybcHN4Brq7M7s89uV4AaABAg,PHe0bXAIuk0,UCSlXiqqezWGkZJw0TyuPfDA,@anushkahdfc,May you make the videos on class 11 12 economics,2025-12-06T00:05:28Z,1,False,0,0.0,0,-1,3,Casual Viewer,28
UgyxYzbpJtHhZgZ_jrB4AaABAg,PHe0bXAIuk0,UCoK9IBQ77kKeE1qJZAUTFWA,@dhartikoBoj,My brain went from zero to genius in record time.,2025-12-05T20:59:45Z,2,False,0,0.0,0,-1,3,Casual Viewer,28
Ugyf0Thjn831CfnRGNN4AaABAg,PHe0bXAIuk0,UCAr_GLsIOpHqLZqD5m4fcCg,@ataarono,18:10 why cant we just go below 0% Interest Rates???,2025-12-02T05:22:34Z,0,False,0,0.5484,1,-1,3,Casual Viewer,28
Ugy00zAA42bOu-k1ZX14AaABAg,PHe0bXAIuk0,UCvH32qKmAyzODrVajlu9vJg,@JsS-vib7zz,i must say there's no way that i'm going back without appreciating this video ...like how easily it explained such important thing that's amazing!!,2025-12-01T17:59:32Z,1,False,0,0.7564,1,-1,0,Casual Viewer,28
UgyhlSZD7W8AUaebXGJ4AaABAg,PHe0bXAIuk0,UC0rpY9Vg5GtxNs-G7sC1qGw,@inditiva6203,Absolute legend,2025-11-30T16:54:17Z,1,False,0,0.0,0,-1,3,Casual Viewer,28
UgyjhdEfW-QdX6oDPQ54AaABAg,PHe0bXAIuk0,UCyOScUncKquzf3wtWuMjeSg,@TheEconomicMachine,"It is fascinating how the Long-Term Debt Cycle (75-100 years) aligns perfectly with what we are seeing in the global economy right now. Most people are focused on the daily noise, but the 'Deleveraging' phase is the only thing that matters. This video should be mandatory in schools.ğŸ˜Š",2025-11-30T15:01:18Z,0,False,0,0.9278,1,-1,0,Casual Viewer,31
Ugx-F2z0bXgr9Ixz3dh4AaABAg,PHe0bXAIuk0,UCYHO1fSTfliU1slvIcLyI5w,@c46236,"Plain stupid and naive this oversimplified explanation at the end, this deleverage is actually what the Western governments did in the last 6 years printing money and trying to balance the income with expenses. Problem is they never made up in productivity so now are taxing the shit out of whoever has less voting power. Now try to fix that Dalio!",2025-11-30T09:55:32Z,0,False,0,-0.5411,-1,-1,0,Casual Viewer,31
Ugzb6Bv2rUM9m0fv9rN4AaABAg,PHe0bXAIuk0,UCL2bo5ZdzCOInZtxjqN5g2w,@NukiBruzel,who is watching this in 2077,2025-11-29T19:59:42Z,1,False,0,0.0,0,-1,3,Casual Viewer,31
Ugx2JL2UYxccf4TWNY94AaABAg,PHe0bXAIuk0,UC0Sbr_D03Pu7q6wSvTnKU4Q,@Vercangetorix,Whatâ€™s an economy not ruled by ego look like?,2025-11-28T21:01:27Z,1,False,0,0.3612,1,-1,3,Casual Viewer,31
UgxgJU2u6buUTcFr6mV4AaABAg,PHe0bXAIuk0,UCTlzdb-dl2OGWcYQfWeQXQQ,@Sahilgodara8055,"ray dalio is genius ! help understand students how the economy works , they cannot tell as in collage and school",2025-11-28T14:21:44Z,1,False,0,0.4574,1,-1,3,Casual Viewer,31
UgzlsusEBYuiw71f4xx4AaABAg,PHe0bXAIuk0,UC_QXyXUE6Lyd7LXEfqwy81g,@BoWohlfeil,This teaching style is next level!,2025-11-27T11:46:32Z,0,False,0,0.0,0,-1,3,Casual Viewer,31
UgwQgmKDCvuS33Wid7B4AaABAg,PHe0bXAIuk0,UC8rXHD7brU9D-ShdZylXdfQ,@ChandanKumarSWF,9:48 ğŸ˜±,2025-11-27T02:53:24Z,1,False,0,-0.7003,-1,-1,3,Casual Viewer,33
Ugy7PrZxR65fLXMZLM14AaABAg,PHe0bXAIuk0,UCrAeRzGDQAdjeklPGBO9S7w,@ERICDEAN-b2d,"I LOVE THIS CHANNEL. MY EDUCATION HAD NOTHING LIKE THIS!  
THANKS FOR THE GREAT WORK",2025-11-25T16:33:22Z,0,False,0,0.8969,1,-1,3,Casual Viewer,33
Ugzs-EviL31YoB5Cd7Z4AaABAg,PHe0bXAIuk0,UCEr4pzsEM2IhM6DAQ_Bl6yQ,@LuckmanAbdi,studying by YOU TUBE is better than in university,2025-11-25T08:25:03Z,0,False,0,0.4404,1,-1,3,Casual Viewer,33
Ugwb3veeDislOmaGo9p4AaABAg,PHe0bXAIuk0,UCQ841uGqLalSsDs200ABMhA,@kadenlindskog6355,I just remembered I need to pay off my credit card,2025-11-24T05:16:15Z,0,False,0,0.296,1,-1,3,Casual Viewer,33
UgyrLl3ED5IWu6hR4sh4AaABAg,PHe0bXAIuk0,UCOnHCabVKOR4N2IeHjpRmsQ,@nadim_haldarwa1738,Thank you ğŸ˜Š,2025-11-23T19:03:50Z,0,False,0,0.8176,1,-1,3,Casual Viewer,33
Ugx2YLJfCbLiRobabEV4AaABAg,PHe0bXAIuk0,UCCzBNzQDGZyCTpuAe9cWbJQ,@Avengerslife001,that is a chapter,2025-11-23T16:14:49Z,0,False,0,0.0,0,-1,3,Casual Viewer,33
UgxjPCp4CWrcQWPb0Cd4AaABAg,PHe0bXAIuk0,UCuoB9vOdt0b4CliceztF1WA,@MisterNiceguy-c9b7l,I will pay people â€™e for that lolğŸ˜‚ğŸ˜‚ğŸ˜‚ğŸ˜‚,2025-11-23T04:39:06Z,0,False,0,0.9186,1,-1,3,Casual Viewer,36
UgxsvOe4KyUHJblIPlF4AaABAg,PHe0bXAIuk0,UCuoB9vOdt0b4CliceztF1WA,@MisterNiceguy-c9b7l,IdcğŸ˜‚ğŸ˜‚ğŸ˜‚ğŸ˜‚ğŸ˜‚TYğŸ˜‚ğŸ˜‚ğŸ˜‚ğŸ˜‚ğŸ˜‚,2025-11-23T04:38:42Z,0,False,0,0.9726,1,-1,3,Casual Viewer,36
Ugz24Jyfpw964zsS2EN4AaABAg,PHe0bXAIuk0,UCEBCo_keoP7EX5VG-h_Kzag,@gordonholding5621,England? You mean the UK. Why are Americans so ignorant about the rest of the world.,2025-11-21T11:30:55Z,0,False,0,-0.4101,-1,-1,3,Casual Viewer,36
UgzYdfH8rNLVbb903294AaABAg,PHe0bXAIuk0,UCEBCo_keoP7EX5VG-h_Kzag,@gordonholding5621,The human nature argument is rubbish. Debt increases because more money is needed in the economy due to inflation. Inflation often comes due to increasing cost of raw materials internationally. We live in a finite world which economists ignore.,2025-11-21T11:22:30Z,0,False,0,-0.7579,-1,-1,3,Casual Viewer,36
UgwAEXkmwUXmL-Zm-TZ4AaABAg,PHe0bXAIuk0,UCEBCo_keoP7EX5VG-h_Kzag,@gordonholding5621,But growth and productivity is creating pollution and waste. Hence is not automatically good.,2025-11-21T11:14:49Z,0,False,0,-0.1553,-1,-1,3,Casual Viewer,36
UgwJu5y0ykvVtEgrvM14AaABAg,PHe0bXAIuk0,UCEBCo_keoP7EX5VG-h_Kzag,@gordonholding5621,This is a poor explanation of government and of the economy. It concentrates on markets and finance not on natural resources and production.  It neglects the planets natural limits. Governments cover a large slice of economic activity as do not-profit voluntary services. These are ignored by these neo liberal economics.,2025-11-21T11:12:35Z,0,False,0,-0.8025,-1,-1,3,Casual Viewer,36
Ugy473yXVfRDmKUKWU54AaABAg,PHe0bXAIuk0,UC7WA09Rbihn20YiDJPPmrgQ,@MoneyFossil,"This video is insanely high quality. Itâ€™s crazy to think that thereâ€™s so much AI-generated content today â€” yet a video like this, made 12 years ago, can still feel way more engaging than many of the flashy AI creations now. Truly timeless.",2025-11-19T21:25:11Z,0,False,0,0.807,1,-1,0,Casual Viewer,36
Ugx7kfCOnY4cm8u8RbN4AaABAg,PHe0bXAIuk0,UC08_eDlHYPQ0IUOGfm9JZqQ,@annissakapor,"Awesome video,learnt a lot from this",2025-11-19T17:33:17Z,0,False,0,0.6249,1,-1,3,Casual Viewer,36
Ugx-frpFy5i9SC7TDh94AaABAg,PHe0bXAIuk0,UCEDfRXM-so_rNOUi54zOivg,@vasg1269,These videos are like a fast degree in economics and business. Love them. Thanks Ray!,2025-11-19T12:29:06Z,1,False,0,0.8718,1,-1,3,Casual Viewer,36
Ugx3lTNZtniGDWYuXUl4AaABAg,PHe0bXAIuk0,UCCzdGYBO1ARQ9svElVq_Nxw,@fredric27,Couldn't you technically say money is credit since it comes from the central bank lol and is no actual value,2025-11-19T09:37:23Z,0,False,0,0.2878,1,-1,3,Casual Viewer,37
UgxAy3kiJW7v5LhGfdB4AaABAg,PHe0bXAIuk0,UChZ64FTaDWYfrAsEAs_eUKQ,@UndergroundLookingUp,Vices reduce productivity.,2025-11-19T00:39:24Z,0,False,0,0.0,0,-1,3,Casual Viewer,37
Ugy3BosNP3BRofWi7DZ4AaABAg,PHe0bXAIuk0,UCjTLAeHYgXClI7OyHznv7sg,@RevolutionaryHipHop1987,"How come the total US citizens debt is about 15 trillion USD and the total money in circulation is about 3 trillion USDA, since the total debd of USA is 79 trillion dollars? The USA owe the total amount of these money to whom???? To Federal Reaerve? To Bank of America? Or/and to F. M. I. ??",2025-11-18T20:00:28Z,0,False,0,-0.5752,-1,-1,0,Casual Viewer,37
Ugw0K4nzyca-IwzLJKJ4AaABAg,PHe0bXAIuk0,UCtPnBIuNuqYL1jieC8kjjIw,@nevinram6571,Thanks for the video,2025-11-18T15:45:33Z,0,False,0,0.4404,1,-1,3,Casual Viewer,37
Ugy78WDuedwuIa-Ds6p4AaABAg,PHe0bXAIuk0,UCeAC8VBY8hZavsVUAgZJe9Q,@VintageEconomy0,one of the best video,2025-11-17T13:27:38Z,0,False,0,0.6369,1,-1,3,Casual Viewer,37
UgwmNtgLZpVx8hC1gcl4AaABAg,PHe0bXAIuk0,UCU9v6VjwHMb4NEpDws2vcbg,@Polimorfismo2085,Lo ideal es no usar crÃ©dito PARA nada.. NADA ğŸ«¥ğŸ«¥ğŸ¤‘ğŸ¤‘y controlar las compras con crÃ©dito quÃ© no generÃ© como pagarlos despuÃ©s...no crÃ©dito..no crÃ©dito,2025-11-16T21:29:27Z,0,False,0,0.0,0,-1,3,Casual Viewer,40
UgxsEPecxTDY9NvdO614AaABAg,PHe0bXAIuk0,UCU9v6VjwHMb4NEpDws2vcbg,@Polimorfismo2085,â¤â¤me encantÃ³..la explicaciÃ³n es perfec â¤â¤â¤,2025-11-16T21:26:08Z,0,False,0,0.9571,1,-1,3,Casual Viewer,40
UgwW01DkLGZNMhVYKph4AaABAg,PHe0bXAIuk0,UCU9v6VjwHMb4NEpDws2vcbg,@Polimorfismo2085,â¤â¤ excelente vÃ­deo â¤â¤â¤,2025-11-16T21:25:44Z,0,False,0,0.9719,1,-1,3,Casual Viewer,40
UgzQ4q1l5XLSwLM5Bqh4AaABAg,PHe0bXAIuk0,UCU9v6VjwHMb4NEpDws2vcbg,@Polimorfismo2085,La economia mundial estÃ¡ dÃ©bil...toca regular el gasto..es un cÃ­rculo de tu me das y yo te doy. Pero no es fÃ¡cil..toca hacerlo con responsabilidad... conclusiÃ³n el nivel estÃ¡ en no gastar mÃ¡s â• de los ingresos...en finâ¤â¤â¤,2025-11-16T21:25:25Z,0,False,0,0.8807,1,-1,3,Casual Viewer,40
UgxYZ1MhdwZ0UCnH0Dx4AaABAg,PHe0bXAIuk0,UC51TG1nV67Mx-1NPTlZXZIQ,@yoshitimz7808,Somebody get this to Trump ASAP!!!,2025-11-16T01:24:10Z,1,False,1,0.0,0,-1,3,Casual Viewer,40
UgxYZ1MhdwZ0UCnH0Dx4AaABAg.APZpViWQx07APbaSW0yDiW,PHe0bXAIuk0,UCsPJdled13syLpCG3DHeh6Q,@Sastifyingfacts,He knows what he is doingğŸ˜‚ğŸ˜­ what makes you think you know more?,2025-11-17T03:10:23Z,0,True,0,-0.0516,-1,-1,2,Casual Viewer,37
UgybisAnmnh3xONsNuB4AaABAg,PHe0bXAIuk0,UCLEFuF9OvjjMC0Yn90A2Suw,@justing1810,Wow thanks I learned a lot from this. I don't think our policy makers are watching this.,2025-11-15T22:05:59Z,1,False,0,0.7717,1,-1,3,Casual Viewer,40
UgzPtJo6RqkjasNGfoB4AaABAg,PHe0bXAIuk0,UCU6hI2VDrxEwYb8rDmkfGyA,@Suhani_J,this video came as an ad for me and i couldn't skip it because of the graphics and animation. just bravo.,2025-11-15T17:10:11Z,1,False,1,0.0,0,-1,3,Casual Viewer,40
UgzPtJo6RqkjasNGfoB4AaABAg.APYwyd7WCixAQgSlTqSKvz,PHe0bXAIuk0,UCA2MErvxVJUYeHa__8VZMAA,@mananibhasin,"same here, and I just had to come down here for some well-deserved appreciation! ğŸ‘",2025-12-13T21:02:04Z,0,True,0,0.5562,1,-1,2,Casual Viewer,16
UgxgOhd7ILODvpc33p14AaABAg,PHe0bXAIuk0,UC01vKuNVl7Hb0SqBG7qyWJA,@MelbourneChazz,people act like housing shortage is gonna save their overvalued assets. great video,2025-11-14T17:00:51Z,0,False,0,0.8591,1,-1,3,Casual Viewer,42
UgwJQMYpDoxtksBJAnx4AaABAg,PHe0bXAIuk0,UCcw9RkQ5oEw7TlI_E9MHSaA,@bruno88cornelio,What is the role of Savers in this economic machine? It appears that the entire economy depends on workers spending everything they earn and borrowing more. What happens when workers save/invest their money rather than spent it all?,2025-11-14T08:21:17Z,0,False,0,0.0,0,-1,0,Casual Viewer,42
Ugy4dWaw8MBUMR8UoGJ4AaABAg,PHe0bXAIuk0,UCXmAJXm3q8smPyRitTYHb3w,@JourneyWithSwayam,I am surprised what a animation ğŸ˜Š,2025-11-12T16:45:06Z,2,False,0,0.7845,1,-1,3,Casual Viewer,42
UgxaQda7SE6prHyKsf54AaABAg,PHe0bXAIuk0,UC1AJ4oXiHiq5oJRR1S-KWpA,@isaiahheyward4equality,"on board for an ugly deleveraging, hang tight",2025-11-12T06:45:11Z,1,False,0,-0.5106,-1,-1,3,Casual Viewer,42
Ugy97iFig6WaOBrlKvN4AaABAg,PHe0bXAIuk0,UCM8kV7eahMmZXofxTUywg1Q,@theunseenvideosforyou,This is Canada right now and itâ€™s gonna hurt us very soon with this large deficit of ours,2025-11-10T04:00:29Z,1,False,0,-0.7269,-1,-1,3,Casual Viewer,45
UgzWP0RcbpB__c-oLSZ4AaABAg,PHe0bXAIuk0,UCmDc0UwLJJYDmIm0j1Tc1VQ,@shubhamsatyaprakash54,I first watched it in 2018 after getting my 1st Smart phone.  As an Econ Grad I found it amusing,2025-11-08T17:31:19Z,1,False,0,0.6486,1,-1,3,Casual Viewer,45
Ugy8evVOEuTugL5c6pl4AaABAg,PHe0bXAIuk0,UC1ZpAFHikJrvr9RoXzaZYyQ,@goforbg,The best ever youtube video,2025-11-07T16:20:30Z,0,False,0,0.6369,1,-1,3,Casual Viewer,45
Ugx870k9VJeIMkPN4e94AaABAg,PHe0bXAIuk0,UCk80MrdSQfquFNQuhAdv49A,@HashimAli-k2h,"No problem! 

I'll watching this on 2026",2025-11-07T07:52:07Z,0,False,0,0.3716,1,-1,3,Casual Viewer,45
UgwRvk7S3gk8nthwJLx4AaABAg,PHe0bXAIuk0,UCggZO0GSQ3g4UG1zzQH3rSQ,@JorgeHollander,This was worth watching.,2025-11-06T14:15:16Z,0,False,0,0.2263,1,-1,3,Casual Viewer,45
Ugx9u3sdjvvxfvlWzep4AaABAg,PHe0bXAIuk0,UC1KtKvyQsRXvFr3SpCctyKg,@kritikakulshrestha0001,"I love the video. I needed the video, exactly as it is.",2025-11-06T06:36:24Z,1,False,0,0.6369,1,-1,3,Casual Viewer,46
UgyKzci2u39gkjjCq6l4AaABAg,PHe0bXAIuk0,UCU2_2Z0cSPXSUody4G0Axrw,@codywinkle3621,"You wanna build a house.
Cost to Build $500,000 (goes to the people building for providing labor) 
Loan from Bank $500,000
Cost in interest to bank $550,000

Wtf is the bank actually producing? 
The bank is Loaning out money that doesnâ€™t exist. 
Fuck the parasitic FED & itâ€™s whole posse of Parasites",2025-11-05T21:40:22Z,0,False,1,-0.6486,-1,-1,0,Casual Viewer,46
UgyKzci2u39gkjjCq6l4AaABAg.AP9fwlP_2RdAPFKKV78bXA,PHe0bXAIuk0,UCmKsp3Y9pJ0z2aCqGEpemww,@EpikNZ,"You've missed a lot of key points and information from this video. Firstly purchasing a house is a transaction. Generally one that requires lending. The Lender is generally the bank. To acquire this lending requires you to be credit worthy. Becoming credit worthy means proving that you are a low risk borrower who is likely to repay on time. To meet these requirements you need the following... A strong credit history, A history of managing debt responsibly, A stable income, And the initial deposit saved from your own (blood, sweat and tears). Only then will the bank look at you favourable for lending. Once all of these boxes have been ticked you are happy because now you can finally purchase a house! (Yippee) which leads us to answering your question. Wtf is the bank actually producing? The bank is producing credit to you and a Financial Asset to them. Basically a claim to future money from you. This all falls under the umbrella of how the economy works, so its not necessarily the banks fault that we want to live in our own homes 30 years before we can actually afford too, its ours. And the system has been put in place for this purpose. The alternative is you can always save up that $500,000 and pay for the house outright but by the time you get to saving that $500,000 the house is now valued at $900,000 lol. Welcome to the world we live inğŸ¤£ğŸ¤£ğŸ¤£",2025-11-08T02:18:12Z,0,True,0,0.9868,1,-1,0,Casual Viewer,45
UgwX0t-SiYSOWaKOLb54AaABAg,PHe0bXAIuk0,UC02en-rXpK741PVX0VS_KWg,@Shut_Up_MyDevil,Amazing ğŸ’±,2025-11-04T06:21:14Z,0,False,0,0.5859,1,-1,3,Casual Viewer,46
Ugzr2-vakxd5omMUcZV4AaABAg,PHe0bXAIuk0,UClQQeUk4q2ihiYnlXTj_ayQ,@fickDaDim,Shit within 15 sec this video hooked me up so much that I came here instead of skipping. ğŸ˜‚,2025-11-02T21:44:17Z,0,False,0,-0.1779,-1,-1,3,Casual Viewer,46
UgyD1wB3Nf7RsHtZAyV4AaABAg,PHe0bXAIuk0,UCb2VLDch1uQ89QrbhbLNKOg,@rahulpawar9036,What a great explanation video.... Sad to say but very underrated channel ğŸ˜¢,2025-11-02T18:52:40Z,0,False,0,-0.6181,-1,-1,3,Casual Viewer,46
UgzP3jKfQkTIT19JqVt4AaABAg,PHe0bXAIuk0,UCaYE2P0ecWxEqcrPF4pAERg,@moytorres2136,"The animation, easy grammar & simple way of explaining really helps understand how credit & economy work thank you sir ğŸ™ğŸ¼",2025-11-01T18:56:20Z,0,False,0,0.8718,1,-1,3,Casual Viewer,46
UgzFZNjsDzmZbwuOPl94AaABAg,PHe0bXAIuk0,UCyqHcYj3_DOre-bo4r6kCFg,@shivamcodm,The only Ad I watch By Searching it,2025-11-01T13:04:34Z,0,False,0,0.0,0,-1,3,Casual Viewer,48
UgzPU5fcbrkUd2KoHA54AaABAg,PHe0bXAIuk0,UCqYfKQix-KGDeMaK5lCpn7w,@alexiadamasceno1255,16:31 literal inflation,2025-10-31T21:08:49Z,1,False,0,0.0,0,-1,3,Casual Viewer,48
UgyPC8Q3wb8KY8J0Ih54AaABAg,PHe0bXAIuk0,UCet8AKwhXZ83WpatGOA6q6g,@heefrancis,I'm watching now,2025-10-31T14:16:44Z,0,False,0,0.0,0,-1,3,Casual Viewer,48
UgyktGlicO76E4criT14AaABAg,PHe0bXAIuk0,UCV-A5Nv97Oy7jkaen4Dzzhw,@í‚¹ë™êµ¬,ë‚˜ì¤‘ì— ë³¼ ì˜ìƒâ¤,2025-10-31T10:49:24Z,0,False,0,0.6369,1,-1,3,Casual Viewer,48
UgwjrxjbmkeYUjvnmnB4AaABAg,PHe0bXAIuk0,UC27S_-GPqRPBlT5JpHIRh4Q,@elmosto-o4f,Ø´Ø±ÙƒØ© Ø¨ÙŠÙ†Øº Ø¢Ù† Ù„Ù„ØªØ£Ù…ÙŠÙ† (02318HK) Ù‡ÙŠ Ù…Ø¬Ù…ÙˆØ¹Ø© Ø±Ø§Ø¦Ø¯Ø© ÙÙŠ Ù…Ø¬Ø§Ù„ Ø§Ù„Ø®Ø¯Ù…Ø§Øª Ø§Ù„Ù…Ø§Ù„ÙŠØ© Ø§Ù„Ù…ØªÙƒØ§Ù…Ù„Ø© ÙÙŠ Ø§Ù„ØµÙŠÙ†ØŒ ØªØºØ·ÙŠ Ø£Ø¹Ù…Ø§Ù„Ù‡Ø§ Ù‚Ø·Ø§Ø¹Ø§Øª Ø§Ù„ØªØ£Ù…ÙŠÙ† ÙˆØ§Ù„Ø®Ø¯Ù…Ø§Øª Ø§Ù„Ù…ØµØ±ÙÙŠØ© ÙˆØ§Ù„Ø§Ø³ØªØ«Ù…Ø§Ø±. ÙˆÙ‡ÙŠ Ù…Ù†Ø§Ø³Ø¨Ø© Ù„Ù…Ø¬Ù…ÙˆØ¹Ø© ÙˆØ§Ø³Ø¹Ø© Ù…Ù† Ø§Ù„Ù…,2025-10-31T00:06:32Z,0,False,0,0.0,0,-1,0,Casual Viewer,48
UgwvAwb3ykRqQLZ3ykF4AaABAg,PHe0bXAIuk0,UCn2eiSeqUpqU3yEXAHjAUoQ,@Ø¹Ø¨ÙˆØ¯Ø§Ø­Ù…Ø¯-Ø¨2Ù…,Ø´Ø±ÙƒØ© Ø¨ÙŠÙ†Øº Ø£Ù† Ù„Ù„ØªØ£Ù…ÙŠÙ† (02318) Ù‡ÙŠ Ù…Ø¬Ù…ÙˆØ¹Ø© Ø±Ø§Ø¦Ø¯Ø© ÙÙŠ Ù…Ø¬Ø§Ù„ Ø§Ù„Ø®Ø¯Ù…Ø§Øª Ø§Ù„Ù…Ø§Ù„ÙŠØ© Ø§Ù„Ù…ØªÙƒØ§Ù…Ù„Ø© ÙÙŠ Ø§Ù„ØµÙŠÙ†ØŒ ØªØºØ·ÙŠ Ø£Ø¹Ù…Ø§Ù„Ù‡Ø§ Ù‚Ø·Ø§Ø¹Ø§Øª Ø§Ù„ØªØ£Ù…ÙŠÙ† ÙˆØ§Ù„Ø®Ø¯Ù…Ø§Øª Ø§Ù„Ù…ØµØ±ÙÙŠØ© ÙˆØ§Ù„Ø§Ø³ØªØ«Ù…Ø§Ø±. ÙˆÙ‡ÙŠ Ù…Ù†Ø§Ø³Ø¨Ø© Ù„Ù…Ø¬Ù…ÙˆØ¹Ø© ÙˆØ§Ø³Ø¹Ø© Ù…Ù† Ø§Ù„Ù…Ø³ØªØ«Ù…Ø±ÙŠÙ†.,2025-10-30T20:26:29Z,0,False,0,0.0,0,-1,0,Casual Viewer,0
Ugy_Mo54WkHBF8HLB3Z4AaABAg,PHe0bXAIuk0,UCKnG-Iyw5VVV5xjWDQe9FxA,@Ø±Ø§ÙƒØ§Ù†Ù…Ø¬Ø±Ø´ÙŠ-Ø°5Ø¨,Ø´Ø±ÙƒØ© Ø¨ÙŠÙ†Øº Ø¢Ù† Ù„Ù„ØªØ£Ù…ÙŠÙ† (02318HK) Ù‡ÙŠ Ù…Ø¬Ù…ÙˆØ¹Ø© Ø±Ø§Ø¦Ø¯Ø© ÙÙŠ Ù…Ø¬Ø§Ù„ Ø§Ù„Ø®Ø¯Ù…Ø§Øª Ø§Ù„Ù…Ø§Ù„ÙŠØ© Ø§Ù„Ù…ØªÙƒØ§Ù…Ù„Ø© ÙÙŠ Ø§Ù„ØµÙŠÙ†ØŒ ØªØºØ·ÙŠ Ø£Ø¹Ù…Ø§Ù„Ù‡Ø§ Ù‚Ø·Ø§Ø¹Ø§Øª Ø§Ù„ØªØ£Ù…ÙŠÙ† ÙˆØ§Ù„Ø®Ø¯Ù…Ø§Øª Ø§Ù„Ù…ØµØ±ÙÙŠØ© ÙˆØ§Ù„Ø§Ø³ØªØ«Ù…Ø§Ø±. ÙˆÙ‡ÙŠ Ù…Ù†Ø§Ø³Ø¨Ø© Ù„Ù…Ø¬Ù…ÙˆØ¹Ø© ÙˆØ§Ø³Ø¹Ø© Ù…Ù† Ø§Ù„Ù…Ø³ØªØ«Ù…Ø±ÙŠÙ†.,2025-10-30T18:26:47Z,0,False,0,0.0,0,-1,0,Casual Viewer,0
UgwANlayOe0efTfYADJ4AaABAg,PHe0bXAIuk0,UCu5lZ7fHDcKkIWH-3C3Wgog,@ZiD-q1q,Ø´Ø±ÙƒØ© Ø¨ÙŠÙ†Øº Ø¢Ù† Ù„Ù„ØªØ£Ù…ÙŠÙ† (02318HK) Ù‡ÙŠ Ù…Ø¬Ù…ÙˆØ¹Ø© Ø±Ø§Ø¦Ø¯Ø© ÙÙŠ Ù…Ø¬Ø§Ù„ Ø§Ù„Ø®Ø¯Ù…Ø§Øª Ø§Ù„Ù…Ø§Ù„ÙŠØ© Ø§Ù„Ù…ØªÙƒØ§Ù…Ù„Ø© ÙÙŠ Ø§Ù„ØµÙŠÙ†ØŒ ØªØºØ·ÙŠ Ø£Ø¹Ù…Ø§Ù„Ù‡Ø§ Ù‚Ø·Ø§Ø¹Ø§Øª Ø§Ù„ØªØ£Ù…ÙŠÙ† ÙˆØ§Ù„Ø®Ø¯Ù…Ø§Øª Ø§Ù„Ù…ØµØ±ÙÙŠØ© ÙˆØ§Ù„Ø§Ø³ØªØ«Ù…Ø§Ø±. ÙˆÙ‡ÙŠ Ù…Ù†Ø§Ø³Ø¨Ø© Ù„Ù…Ø¬Ù…ÙˆØ¹Ø© ÙˆØ§Ø³Ø¹Ø© Ù…Ù† Ø§Ù„Ù…Ø³ØªØ«Ù…Ø±ÙŠÙ†.,2025-10-30T15:22:05Z,0,False,0,0.0,0,-1,0,Casual Viewer,0
UgzOP2GLt0iNFdfX5xt4AaABAg,PHe0bXAIuk0,UCyu8kT-gHV3KSqfJ3IwOvGw,@fathymohqmed,Ø´Ø±ÙƒØ© Ø¨ÙŠÙ†Øº Ø¢Ù† Ù„Ù„ØªØ£Ù…ÙŠÙ† (02318HK) Ù‡ÙŠ Ù…Ø¬Ù…ÙˆØ¹Ø© Ø±Ø§Ø¦Ø¯Ø© ÙÙŠ Ù…Ø¬Ø§Ù„ Ø§Ù„Ø®Ø¯Ù…Ø§Øª Ø§Ù„Ù…Ø§Ù„ÙŠØ© Ø§Ù„Ù…ØªÙƒØ§Ù…Ù„Ø© ÙÙŠ Ø§Ù„ØµÙŠÙ†ØŒ ØªØºØ·ÙŠ Ø£Ø¹Ù…Ø§Ù„Ù‡Ø§ Ù‚Ø·Ø§Ø¹Ø§Øª Ø§Ù„ØªØ£Ù…ÙŠÙ† ÙˆØ§Ù„Ø®Ø¯Ù…Ø§Øª Ø§Ù„Ù…ØµØ±ÙÙŠØ© ÙˆØ§Ù„Ø§Ø³ØªØ«Ù…Ø§Ø±. ÙˆÙ‡ÙŠ Ù…Ù†Ø§Ø³Ø¨Ø© Ù„Ù…Ø¬Ù…ÙˆØ¹Ø© ÙˆØ§Ø³Ø¹Ø© Ù…Ù† Ø§Ù„Ù…Ø³ØªØ«Ù…Ø±ÙŠÙ†.,2025-10-30T15:10:19Z,0,False,0,0.0,0,-1,0,Casual Viewer,0
Ugwq6jWv3w2q8yxErIB4AaABAg,PHe0bXAIuk0,UCKuCpHpEt1O_Nw-Z3-vIl-Q,@UNKNOWN29572,these type if ads are best to seen again and again,2025-10-30T15:09:24Z,0,False,0,0.6369,1,-1,3,Casual Viewer,0
UgxTVkq5lWHefEgcfvp4AaABAg,PHe0bXAIuk0,UC1OxxYbsUFIJ8PXIEBRAAQA,@Egypt-from-the-depths,Ø´Ø±ÙƒØ© Ø¨ÙŠÙ†Øº Ø¢Ù† Ù„Ù„ØªØ£Ù…ÙŠÙ† (02318HK) Ù‡ÙŠ Ù…Ø¬Ù…ÙˆØ¹Ø© Ø±Ø§Ø¦Ø¯Ø© ÙÙŠ Ù…Ø¬Ø§Ù„ Ø§Ù„Ø®Ø¯Ù…Ø§Øª Ø§Ù„Ù…Ø§Ù„ÙŠØ© Ø§Ù„Ù…ØªÙƒØ§Ù…Ù„Ø© ÙÙŠ Ø§Ù„ØµÙŠÙ†ØŒ ØªØºØ·ÙŠ Ø£Ø¹Ù…Ø§Ù„Ù‡Ø§ Ù‚Ø·Ø§Ø¹Ø§Øª Ø§Ù„ØªØ£Ù…ÙŠÙ† ÙˆØ§Ù„Ø®Ø¯Ù…Ø§Øª Ø§Ù„Ù…ØµØ±ÙÙŠØ© ÙˆØ§Ù„Ø§Ø³ØªØ«Ù…Ø§Ø±. ÙˆÙ‡ÙŠ Ù…Ù†Ø§Ø³Ø¨Ø© Ù„Ù…Ø¬Ù…ÙˆØ¹Ø© ÙˆØ§Ø³Ø¹Ø© Ù…Ù† Ø§Ù„Ù…Ø³ØªØ«Ù…Ø±ÙŠÙ†.,2025-10-30T15:08:42Z,0,False,0,0.0,0,-1,0,Casual Viewer,3
Ugw--PPT36_1CBgl-od4AaABAg,PHe0bXAIuk0,UC6IuEKp3cGNzibc6M82BOzQ,@MSTf3r,Ø´Ø±ÙƒØ© Ø¨ÙŠÙ†Øº Ø¢Ù† Ù„Ù„ØªØ£Ù…ÙŠÙ† (02318HK) Ù‡ÙŠ Ù…Ø¬Ù…ÙˆØ¹Ø© Ø±Ø§Ø¦Ø¯Ø© ÙÙŠ Ù…Ø¬Ø§Ù„ Ø§Ù„Ø®Ø¯Ù…Ø§Øª Ø§Ù„Ù…Ø§Ù„ÙŠØ© Ø§Ù„Ù…ØªÙƒØ§Ù…Ù„Ø© ÙÙŠ Ø§Ù„ØµÙŠÙ†ØŒ ØªØºØ·ÙŠ Ø£Ø¹Ù…Ø§Ù„Ù‡Ø§ Ù‚Ø·Ø§Ø¹Ø§Øª Ø§Ù„ØªØ£Ù…ÙŠÙ† ÙˆØ§Ù„Ø®Ø¯Ù…Ø§Øª Ø§Ù„Ù…ØµØ±ÙÙŠØ© ÙˆØ§Ù„Ø§Ø³ØªØ«Ù…Ø§Ø±. ÙˆÙ‡ÙŠ Ù…Ù†Ø§Ø³Ø¨Ø© Ù„Ù…Ø¬Ù…ÙˆØ¹Ø© ÙˆØ§Ø³Ø¹Ø© Ù…Ù† Ø§Ù„Ù…Ø³ØªØ«Ù…Ø±ÙŠ,2025-10-30T14:31:03Z,0,False,0,0.0,0,-1,0,Casual Viewer,3
Ugyg-Ey_6ScW5-RkHnV4AaABAg,PHe0bXAIuk0,UCurY_ZQ9jUnEA-laIhUissA,@hazemmnam,Ø´Ø±ÙƒØ© Ø¨ÙŠÙ†Øº Ø¢Ù† Ù„Ù„ØªØ£Ù…ÙŠÙ† (02318HK) Ù‡ÙŠ Ù…Ø¬Ù…ÙˆØ¹Ø© Ø±Ø§Ø¦Ø¯Ø© ÙÙŠ Ù…Ø¬Ø§Ù„ Ø§Ù„Ø®Ø¯Ù…Ø§Øª Ø§Ù„Ù…Ø§Ù„ÙŠØ© Ø§Ù„Ù…ØªÙƒØ§Ù…Ù„Ø© ÙÙŠ Ø§Ù„ØµÙŠÙ†ØŒ ØªØºØ·ÙŠ Ø£Ø¹Ù…Ø§Ù„Ù‡Ø§ Ù‚Ø·Ø§Ø¹Ø§Øª Ø§Ù„ØªØ£Ù…ÙŠÙ† ÙˆØ§Ù„Ø®Ø¯Ù…Ø§Øª Ø§Ù„Ù…ØµØ±ÙÙŠØ© ÙˆØ§Ù„Ø§Ø³ØªØ«Ù…Ø§Ø±. ÙˆÙ‡ÙŠ Ù…Ù†Ø§Ø³Ø¨Ø© Ù„Ù…Ø¬Ù…ÙˆØ¹Ø© ÙˆØ§Ø³Ø¹Ø© Ù…Ù† Ø§Ù„Ù…Ø³ØªØ«Ù…Ø±ÙŠÙ†.,2025-10-30T14:27:35Z,0,False,0,0.0,0,-1,0,Casual Viewer,3
UgzJd_2QgBqi8PslgVN4AaABAg,PHe0bXAIuk0,UCO3SCN3pJvbzj27BzOz_nTA,@musamo6064,Ø´Ø±ÙƒØ© Ø¨ÙŠÙ†Øº Ø¢Ù† Ù„Ù„ØªØ£Ù…ÙŠÙ† (02318HK) Ù‡ÙŠ Ù…Ø¬Ù…ÙˆØ¹Ø© Ø±Ø§Ø¦Ø¯Ø© ÙÙŠ Ù…Ø¬Ø§Ù„ Ø§Ù„Ø®Ø¯Ù…Ø§Øª Ø§Ù„Ù…Ø§Ù„ÙŠØ© Ø§Ù„Ù…ØªÙƒØ§Ù…Ù„Ø© ÙÙŠ Ø§Ù„ØµÙŠÙ†ØŒ ØªØºØ·ÙŠ Ø£Ø¹Ù…Ø§Ù„Ù‡Ø§ Ù‚Ø·Ø§Ø¹Ø§Øª Ø§Ù„ØªØ£Ù…ÙŠÙ† ÙˆØ§Ù„Ø®Ø¯Ù…Ø§Øª Ø§Ù„Ù…ØµØ±ÙÙŠØ© ÙˆØ§Ù„Ø§Ø³ØªØ«Ù…Ø§Ø±. ÙˆÙ‡ÙŠ Ù…Ù†Ø§Ø³Ø¨Ø© Ù„Ù…Ø¬Ù…ÙˆØ¹Ø© ÙˆØ§Ø³Ø¹Ø© Ù…Ù† Ø§Ù„Ù…Ø³ØªØ«Ù…Ø±ÙŠÙ†.,2025-10-30T14:03:27Z,0,False,0,0.0,0,-1,0,Casual Viewer,3
UgxnnBtp4sO0RIuN7154AaABAg,PHe0bXAIuk0,UC5OnPVdTJMiCfUWgJJfAqwg,@Goodk.i.d,"No, thanks to you.",2025-10-30T13:57:05Z,1,False,0,0.4404,1,-1,3,Casual Viewer,3
UgyJ4lSvQhB5P3VY_u94AaABAg,PHe0bXAIuk0,UCaqvZc7fuvwNfKScDAp_hyw,@HICHAAM-LION,Ø´Ø±ÙƒØ© Ø¨ÙŠÙ†Øº Ø¢Ù† Ù„Ù„ØªØ£Ù…ÙŠÙ† (02318HK) Ù‡ÙŠ Ù…Ø¬Ù…ÙˆØ¹Ø© Ø±Ø§Ø¦Ø¯Ø© ÙÙŠ Ù…Ø¬Ø§Ù„ Ø§Ù„Ø®Ø¯Ù…Ø§Øª Ø§Ù„Ù…Ø§Ù„ÙŠØ© Ø§Ù„Ù…ØªÙƒØ§Ù…Ù„Ø© ÙÙŠ Ø§Ù„ØµÙŠÙ†ØŒ ØªØºØ·ÙŠ Ø£Ø¹Ù…Ø§Ù„Ù‡Ø§ Ù‚Ø·Ø§Ø¹Ø§Øª Ø§Ù„ØªØ£Ù…ÙŠÙ† ÙˆØ§Ù„Ø®Ø¯Ù…Ø§Øª Ø§Ù„Ù…ØµØ±ÙÙŠØ© ÙˆØ§Ù„Ø§Ø³ØªØ«Ù…Ø§Ø±. ÙˆÙ‡ÙŠ Ù…Ù†Ø§Ø³Ø¨Ø© Ù„Ù…Ø¬Ù…ÙˆØ¹Ø© ÙˆØ§Ø³Ø¹Ø© Ù…Ù† Ø§Ù„Ù…Ø³ØªØ«Ù…Ø±ÙŠÙ†.,2025-10-30T13:14:41Z,0,False,0,0.0,0,-1,0,Casual Viewer,3
UgxZA7fLNoLlhWQVTDh4AaABAg,PHe0bXAIuk0,UCIyyG5BGsAA6MOZXetgZ5dg,@rajankhehra01,Just WowğŸ‘ŒğŸ»Thank you for teachingğŸ™ğŸ»,2025-10-30T12:53:11Z,0,False,0,0.873,1,-1,3,Casual Viewer,5
UgwwhaeZGIbS9dOuZHx4AaABAg,PHe0bXAIuk0,UCYN_GUhSz2a-d5C5F7dhEgQ,@game_is_onnn,now i know why riba/usury/interest is haram,2025-10-30T12:52:56Z,0,False,0,0.0,0,-1,3,Casual Viewer,5
UgxgSgVgFOyXK5V8U714AaABAg,PHe0bXAIuk0,UC6ZyMCO8tLd_qZg4S-RxUXg,@asamidres,Ø´Ø±ÙƒØ© Ø¨ÙŠÙ†Øº Ø¢Ù† Ù„Ù„ØªØ£Ù…ÙŠÙ† (02318HK) Ù‡ÙŠ Ù…Ø¬Ù…ÙˆØ¹Ø© Ø±Ø§Ø¦Ø¯Ø© ÙÙŠ Ù…Ø¬Ø§Ù„ Ø§Ù„Ø®Ø¯Ù…Ø§Øª Ø§Ù„Ù…Ø§Ù„ÙŠØ© Ø§Ù„Ù…ØªÙƒØ§Ù…Ù„Ø© ÙÙŠ Ø§Ù„ØµÙŠÙ†ØŒ ØªØºØ·ÙŠ Ø£Ø¹Ù…Ø§Ù„Ù‡Ø§ Ù‚Ø·Ø§Ø¹Ø§Øª Ø§Ù„ØªØ£Ù…ÙŠÙ† ÙˆØ§Ù„Ø®Ø¯Ù…Ø§Øª Ø§Ù„Ù…ØµØ±ÙÙŠØ© ÙˆØ§Ù„Ø§Ø³ØªØ«Ù…Ø§Ø±. ÙˆÙ‡ÙŠ Ù…Ù†Ø§Ø³Ø¨Ø© Ù„Ù…Ø¬Ù…ÙˆØ¹Ø© ÙˆØ§Ø³Ø¹Ø© Ù…Ù† Ø§Ù„Ù…Ø³ØªØ«Ù…Ø±ÙŠÙ†.,2025-10-30T12:21:53Z,0,False,0,0.0,0,-1,0,Casual Viewer,5
Ugzi-Y3ss9JXHuvrPCZ4AaABAg,PHe0bXAIuk0,UCNeLDDaZRuSXLSLqDYp9UsA,@alnaghmoshy,Ø´Ø±ÙƒØ© Ø¨ÙŠÙ†Øº Ø¢Ù† Ù„Ù„ØªØ£Ù…ÙŠÙ† (02318HK) Ù‡ÙŠ Ù…Ø¬Ù…ÙˆØ¹Ø© Ø±Ø§Ø¦Ø¯Ø© ÙÙŠ Ù…Ø¬Ø§Ù„ Ø§Ù„Ø®Ø¯Ù…Ø§Øª Ø§Ù„Ù…Ø§Ù„ÙŠØ© Ø§Ù„Ù…ØªÙƒØ§Ù…Ù„Ø© ÙÙŠ Ø§Ù„ØµÙŠÙ†ØŒ ØªØºØ·ÙŠ Ø£Ø¹Ù…Ø§Ù„Ù‡Ø§ Ù‚Ø·Ø§Ø¹Ø§Øª Ø§Ù„ØªØ£Ù…ÙŠÙ† ÙˆØ§Ù„Ø®Ø¯Ù…Ø§Øª Ø§Ù„Ù…ØµØ±ÙÙŠØ© ÙˆØ§Ù„Ø§Ø³ØªØ«Ù…Ø§Ø±. ÙˆÙ‡ÙŠ Ù…Ù†Ø§Ø³Ø¨Ø© Ù„Ù…Ø¬Ù…ÙˆØ¹Ø© ÙˆØ§Ø³Ø¹Ø© Ù…Ù† Ø§Ù„Ù…Ø³ØªØ«Ù…Ø±ÙŠÙ†.,2025-10-30T12:04:24Z,0,False,0,0.0,0,-1,0,Casual Viewer,5
UgzMb0ZWwrOyorWLKGV4AaABAg,PHe0bXAIuk0,UCTNavUNJgtCtzjTLrBC0BDA,@medo36877,"Ping An Insurance Company (02318HK) is a leading integrated financial services group in China, whose business covers the insurance, banking, and investment sectors. It is suitable for a wide range of investors.",2025-10-30T12:04:12Z,1,False,0,0.0,0,-1,0,Casual Viewer,5
UgxYzKyZL1k_Zz5ZLGF4AaABAg,PHe0bXAIuk0,UCh0tWH0jARepoEKhmU0WUpw,@SsefYou-l5p6c,Ø´Ø±ÙƒØ© Ø¨ÙŠÙ†Øº Ø¢Ù† Ù„Ù„ØªØ£Ù…ÙŠÙ† (02318HK) Ù‡ÙŠ Ù…Ø¬Ù…ÙˆØ¹Ø© Ø±Ø§Ø¦Ø¯Ø© ÙÙŠ Ù…Ø¬Ø§Ù„ Ø§Ù„Ø®Ø¯Ù…Ø§Øª Ø§Ù„Ù…Ø§Ù„ÙŠØ© Ø§Ù„Ù…ØªÙƒØ§Ù…Ù„Ø© ÙÙŠ Ø§Ù„ØµÙŠÙ†ØŒ ØªØºØ·ÙŠ Ø£Ø¹Ù…Ø§Ù„Ù‡Ø§ Ù‚Ø·Ø§Ø¹Ø§Øª Ø§Ù„ØªØ£Ù…ÙŠÙ† ÙˆØ§Ù„Ø®Ø¯Ù…Ø§Øª Ø§Ù„Ù…ØµØ±ÙÙŠØ© ÙˆØ§Ù„Ø§Ø³ØªØ«Ù…Ø§Ø±. ÙˆÙ‡ÙŠ Ù…Ù†Ø§Ø³Ø¨Ø© Ù„Ù…Ø¬Ù…ÙˆØ¹Ø© ÙˆØ§Ø³Ø¹Ø© Ù…Ù† Ø§Ù„Ù…Ø³ØªØ«Ù…Ø±ÙŠÙ†.,2025-10-30T11:53:19Z,0,False,0,0.0,0,-1,0,Casual Viewer,6
Ugx9beGYP7taDD2aYht4AaABAg,PHe0bXAIuk0,UCuliyPDti9ULwtYGoykCEkQ,@ff-zn1st,"Ø´Ø±ÙƒØ© Ø¨ÙŠÙ†Øº Ø¢Ù† Ù„Ù„ØªØ£Ù…ÙŠÙ† (02318HK) Ù‡ÙŠ Ù…Ø¬Ù…ÙˆØ¹Ø© Ø±Ø§Ø¦Ø¯Ø© ÙÙŠ Ù…Ø¬Ø§Ù„ Ø§Ù„Ø®Ø¯Ù…Ø§Øª Ø§Ù„Ù…Ø§Ù„ÙŠØ© Ø§Ù„Ù…ØªÙƒØ§Ù…Ù„Ø© ÙÙŠ Ø§Ù„ØµÙŠÙ†ØŒ ØªØºØ·ÙŠ Ø£Ø¹Ù…Ø§Ù„Ù‡Ø§ Ù‚Ø·Ø§Ø¹Ø§Øª Ø§Ù„ØªØ£Ù…ÙŠÙ† ÙˆØ§Ù„Ø®Ø¯Ù…Ø§Øª Ø§Ù„Ù…ØµØ±ÙÙŠØ© ÙˆØ§Ù„Ø§Ø³ØªØ«Ù…Ø§Ø±. ÙˆÙ‡ÙŠ Ù…Ù†Ø§Ø³Ø¨Ø© Ù„Ù…Ø¬Ù…ÙˆØ¹Ø© ÙˆØ§Ø³Ø¹Ø© Ù…Ù† Ø§Ù„Ù…Ø³ØªØ«Ù…Ø±ÙŠÙ†.

Ping An Insurance Company (02318HK) is a leading integrated financial services group in China, whose business covers the insurance, banking, and investment sectors. It is suitable for a wide range of investors.",2025-10-30T11:52:19Z,0,False,0,0.0,0,-1,0,Casual Viewer,6
UgzPQc_hlYqHGVg4_ed4AaABAg,PHe0bXAIuk0,UC8wAfyHYbFQ0dUflAZkxs2w,@cryptoweb3_33,Ø´Ø±ÙƒØ© Ø¨ÙŠÙ†Øº Ø¢Ù† Ù„Ù„ØªØ£Ù…ÙŠÙ† (02318HK) Ù‡ÙŠ Ù…Ø¬Ù…ÙˆØ¹Ø© Ø±Ø§Ø¦Ø¯Ø© ÙÙŠ Ù…Ø¬Ø§Ù„ Ø§Ù„Ø®Ø¯Ù…Ø§Øª Ø§Ù„Ù…Ø§Ù„ÙŠØ© Ø§Ù„Ù…ØªÙƒØ§Ù…Ù„Ø© ÙÙŠ Ø§Ù„ØµÙŠÙ†ØŒ ØªØºØ·ÙŠ Ø£Ø¹Ù…Ø§Ù„Ù‡Ø§ Ù‚Ø·Ø§Ø¹Ø§Øª Ø§Ù„ØªØ£Ù…ÙŠÙ† ÙˆØ§Ù„Ø®Ø¯Ù…Ø§Øª Ø§Ù„Ù…ØµØ±ÙÙŠØ© ÙˆØ§Ù„Ø§Ø³ØªØ«Ù…Ø§Ø±. ÙˆÙ‡ÙŠ Ù…Ù†Ø§Ø³Ø¨Ø© Ù„Ù…Ø¬Ù…ÙˆØ¹Ø© ÙˆØ§Ø³Ø¹Ø© Ù…Ù† Ø§Ù„Ù…Ø³ØªØ«Ù…Ø±ÙŠÙ†.,2025-10-30T11:47:20Z,0,False,0,0.0,0,-1,0,Casual Viewer,6
Ugz6SYnYHOM3pYVDTlZ4AaABAg,PHe0bXAIuk0,UCQiJMXO2YqODr5gxrPmScZA,@safwatebrahim1794,Ø´Ø±ÙƒØ© Ø¨ÙŠÙ†Øº Ø¢Ù† Ù„Ù„ØªØ£Ù…ÙŠÙ† (02318HK) Ù‡ÙŠ Ù…Ø¬Ù…ÙˆØ¹Ø© Ø±Ø§Ø¦Ø¯Ø© ÙÙŠ Ù…Ø¬Ø§Ù„ Ø§Ù„Ø®Ø¯Ù…Ø§Øª Ø§Ù„Ù…Ø§Ù„ÙŠØ© Ø§Ù„Ù…ØªÙƒØ§Ù…Ù„Ø© ÙÙŠ Ø§Ù„ØµÙŠÙ†ØŒ ØªØºØ·ÙŠ Ø£Ø¹Ù…Ø§Ù„Ù‡Ø§ Ù‚Ø·Ø§Ø¹Ø§Øª Ø§Ù„ØªØ£Ù…ÙŠÙ† ÙˆØ§Ù„Ø®Ø¯Ù…Ø§Øª Ø§Ù„Ù…ØµØ±ÙÙŠØ© ÙˆØ§Ù„Ø§Ø³ØªØ«Ù…Ø§Ø±. ÙˆÙ‡ÙŠ Ù…Ù†Ø§Ø³Ø¨Ø© Ù„Ù…Ø¬Ù…ÙˆØ¹Ø© ÙˆØ§Ø³Ø¹Ø© Ù…Ù† Ø§Ù„Ù…Ø³ØªØ«Ù…Ø±ÙŠÙ†.,2025-10-30T11:38:07Z,0,False,0,0.0,0,-1,0,Casual Viewer,6
UgyzmDXrTeZfwYQ5Aw94AaABAg,PHe0bXAIuk0,UCXKk-YoRI4iZTz1iAxecgGQ,@HoSimo-v3i7v,Ø´Ø±ÙƒØ© Ø¨ÙŠÙ†Øº Ø¢Ù† Ù„Ù„ØªØ£Ù…ÙŠÙ† (02318HK) Ù‡ÙŠ Ù…Ø¬Ù…ÙˆØ¹Ø© Ø±Ø§Ø¦Ø¯Ø© ÙÙŠ Ù…Ø¬Ø§Ù„ Ø§Ù„Ø®Ø¯Ù…Ø§Øª Ø§Ù„Ù…Ø§Ù„ÙŠØ© Ø§Ù„Ù…ØªÙƒØ§Ù…Ù„Ø© ÙÙŠ Ø§Ù„ØµÙŠÙ†ØŒ ØªØºØ·ÙŠ Ø£Ø¹Ù…Ø§Ù„Ù‡Ø§ Ù‚Ø·Ø§Ø¹Ø§Øª Ø§Ù„ØªØ£Ù…ÙŠÙ† ÙˆØ§Ù„Ø®Ø¯Ù…Ø§Øª Ø§Ù„Ù…ØµØ±ÙÙŠØ© ÙˆØ§Ù„Ø§Ø³ØªØ«Ù…Ø§Ø±. ÙˆÙ‡ÙŠ Ù…Ù†Ø§Ø³Ø¨Ø© Ù„Ù…Ø¬Ù…ÙˆØ¹Ø© ÙˆØ§Ø³Ø¹Ø© Ù…Ù† Ø§Ù„Ù…Ø³ØªØ«Ù…Ø±ÙŠÙ†,2025-10-30T11:35:49Z,0,False,0,0.0,0,-1,3,Casual Viewer,49
UgzQR3gQkoHpTHBi9il4AaABAg,PHe0bXAIuk0,UCIJwpdBLVEmLJ-nmkIj2LUA,@yassinebenamer7009,Ø´Ø±ÙƒØ© Ø¨ÙŠÙ†Øº Ø¢Ù† Ù„Ù„ØªØ£Ù…ÙŠÙ† (02318HK) Ù‡ÙŠ Ù…Ø¬Ù…ÙˆØ¹Ø© Ø±Ø§Ø¦Ø¯Ø© ÙÙŠ Ù…Ø¬Ø§Ù„ Ø§Ù„Ø®Ø¯Ù…Ø§Øª Ø§Ù„Ù…Ø§Ù„ÙŠØ© Ø§Ù„Ù…ØªÙƒØ§Ù…Ù„Ø© ÙÙŠ Ø§Ù„ØµÙŠÙ†ØŒ ØªØºØ·ÙŠ Ø£Ø¹Ù…Ø§Ù„Ù‡Ø§ Ù‚Ø·Ø§Ø¹Ø§Øª Ø§Ù„ØªØ£Ù…ÙŠÙ† ÙˆØ§Ù„Ø®Ø¯Ù…Ø§Øª Ø§Ù„Ù…ØµØ±ÙÙŠØ© ÙˆØ§Ù„Ø§Ø³ØªØ«Ù…Ø§Ø±. ÙˆÙ‡ÙŠ Ù…Ù†Ø§Ø³Ø¨Ø© Ù„Ù…Ø¬Ù…ÙˆØ¹Ø© ÙˆØ§Ø³Ø¹Ø© Ù…Ù† Ø§Ù„Ù…Ø³ØªØ«Ù…Ø±ÙŠÙ†.,2025-10-30T11:28:59Z,0,False,0,0.0,0,-1,3,Casual Viewer,7
UgyVoR8OY7P9wmFrXUt4AaABAg,PHe0bXAIuk0,UCUlzw-Sbw2cySsjuaEYn0Lw,@RadwanMuhammed-y1l,Ø´Ø±ÙƒØ© Ø¨ÙŠÙ†Øº Ø¢Ù† Ù„Ù„ØªØ£Ù…ÙŠÙ† (02318HK) Ù‡ÙŠ Ù…Ø¬Ù…ÙˆØ¹Ø© Ø±Ø§Ø¦Ø¯Ø© ÙÙŠ Ù…Ø¬Ø§Ù„ Ø§Ù„Ø®Ø¯Ù…Ø§Øª Ø§Ù„Ù…Ø§Ù„ÙŠØ© Ø§Ù„Ù…ØªÙƒØ§Ù…Ù„Ø© ÙÙŠ Ø§Ù„ØµÙŠÙ†ØŒ ØªØºØ·ÙŠ Ø£Ø¹Ù…Ø§Ù„Ù‡Ø§ Ù‚Ø·Ø§Ø¹Ø§Øª Ø§Ù„ØªØ£Ù…ÙŠÙ† ÙˆØ§Ù„Ø®Ø¯Ù…Ø§Øª Ø§Ù„Ù…ØµØ±ÙÙŠØ© ÙˆØ§Ù„Ø§Ø³ØªØ«Ù…Ø§Ø±. ÙˆÙ‡ÙŠ Ù…Ù†Ø§Ø³Ø¨Ø© Ù„Ù…Ø¬Ù…ÙˆØ¹Ø© ÙˆØ§Ø³Ø¹Ø© Ù…Ù† Ø§Ù„Ù…Ø³ØªØ«Ù…Ø±ÙŠÙ†.,2025-10-30T11:25:21Z,0,False,0,0.0,0,-1,0,Casual Viewer,7
UgwseyLv_GFBtSrR8gp4AaABAg,PHe0bXAIuk0,UC-DUj6W_PxdeoYzIf3Af6Lg,@ahmedmamdouh2798,Ø´Ø±ÙƒØ© Ø¨ÙŠÙ†Øº Ø¢Ù† Ù„Ù„ØªØ£Ù…ÙŠÙ† (02318HK) Ù‡ÙŠ Ù…Ø¬Ù…ÙˆØ¹Ø© Ø±Ø§Ø¦Ø¯Ø© ÙÙŠ Ù…Ø¬Ø§Ù„ Ø§Ù„Ø®Ø¯Ù…Ø§Øª Ø§Ù„Ù…Ø§Ù„ÙŠØ© Ø§Ù„Ù…ØªÙƒØ§Ù…Ù„Ø© ÙÙŠ Ø§Ù„ØµÙŠÙ†ØŒ ØªØºØ·ÙŠ Ø£Ø¹Ù…Ø§Ù„Ù‡Ø§ Ù‚Ø·Ø§Ø¹Ø§Øª Ø§Ù„ØªØ£Ù…ÙŠÙ† ÙˆØ§Ù„Ø®Ø¯Ù…Ø§Øª Ø§Ù„Ù…ØµØ±ÙÙŠØ© ÙˆØ§Ù„Ø§Ø³ØªØ«Ù…Ø§Ø±. ÙˆÙ‡ÙŠ Ù…Ù†Ø§Ø³Ø¨Ø© Ù„Ù…Ø¬Ù…ÙˆØ¹Ø© ÙˆØ§Ø³Ø¹Ø© Ù…Ù† Ø§Ù„Ù…Ø³ØªØ«Ù…Ø±ÙŠÙ†.,2025-10-30T11:18:33Z,0,False,0,0.0,0,-1,0,Casual Viewer,7
UgxirUd4T8w5s2fTwVJ4AaABAg,PHe0bXAIuk0,UC8BOGgWSj9MwXkv6UTig8mQ,@zakariyausk3596,"Ping An Insurance (02318HK) is a leading integrated financial services group in China, with businesses covering insurance, banking, and investment. Suitable for a wide range of investors.",2025-10-30T11:17:41Z,0,False,0,0.0,0,-1,0,Casual Viewer,10
UgzkWcRcI_Z6eksoV2F4AaABAg,PHe0bXAIuk0,UCM74CLbH4rfE6BXRoNxn6JQ,@omaralfawaz2826,Ø´Ø±ÙƒØ© Ø¨ÙŠÙ†Øº Ø¢Ù† Ù„Ù„ØªØ£Ù…ÙŠÙ† (02318HK) Ù‡ÙŠ Ù…Ø¬Ù…ÙˆØ¹Ø© Ø±Ø§Ø¦Ø¯Ø© ÙÙŠ Ù…Ø¬Ø§Ù„ Ø§Ù„Ø®Ø¯Ù…Ø§Øª Ø§Ù„Ù…Ø§Ù„ÙŠØ© Ø§Ù„Ù…ØªÙƒØ§Ù…Ù„Ø© ÙÙŠ Ø§Ù„ØµÙŠÙ†ØŒ ØªØºØ·ÙŠ Ø£Ø¹Ù…Ø§Ù„Ù‡Ø§ Ù‚Ø·Ø§Ø¹Ø§Øª Ø§Ù„ØªØ£Ù…ÙŠÙ† ÙˆØ§Ù„Ø®Ø¯Ù…Ø§Øª Ø§Ù„Ù…ØµØ±ÙÙŠØ© ÙˆØ§Ù„Ø§Ø³ØªØ«Ù…Ø§Ø±. ÙˆÙ‡ÙŠ Ù…Ù†Ø§Ø³Ø¨Ø© Ù„Ù…Ø¬Ù…ÙˆØ¹Ø© ÙˆØ§Ø³Ø¹Ø© Ù…Ù† Ø§Ù„Ù…Ø³ØªØ«Ù…Ø±ÙŠÙ†.,2025-10-30T11:11:15Z,0,False,0,0.0,0,-1,0,Casual Viewer,10
UgwPnskG8UH2dthG3i54AaABAg,PHe0bXAIuk0,UCGAqZhyaXSKviSDc5itMnyw,@Mahmoud-El_Araby,Ø´Ø±ÙƒØ© Ø¨ÙŠÙ†Øº Ø¢Ù† Ù„Ù„ØªØ£Ù…ÙŠÙ† (02318HK) Ù‡ÙŠ Ù…Ø¬Ù…ÙˆØ¹Ø© Ø±Ø§Ø¦Ø¯Ø© ÙÙŠ Ù…Ø¬Ø§Ù„ Ø§Ù„Ø®Ø¯Ù…Ø§Øª Ø§Ù„Ù…Ø§Ù„ÙŠØ© Ø§Ù„Ù…ØªÙƒØ§Ù…Ù„Ø© ÙÙŠ Ø§Ù„ØµÙŠÙ†ØŒ ØªØºØ·ÙŠ Ø£Ø¹Ù…Ø§Ù„Ù‡Ø§ Ù‚Ø·Ø§Ø¹Ø§Øª Ø§Ù„ØªØ£Ù…ÙŠÙ† ÙˆØ§Ù„Ø®Ø¯Ù…Ø§Øª Ø§Ù„Ù…ØµØ±ÙÙŠØ© ÙˆØ§Ù„Ø§Ø³ØªØ«Ù…Ø§Ø±. ÙˆÙ‡ÙŠ Ù…Ù†Ø§Ø³Ø¨Ø© Ù„Ù…Ø¬Ù…ÙˆØ¹Ø© ÙˆØ§Ø³Ø¹Ø© Ù…Ù† Ø§Ù„Ù…Ø³ØªØ«Ù…Ø±ÙŠÙ†,2025-10-30T11:07:39Z,0,False,0,0.0,0,-1,3,Casual Viewer,10
Ugw6U572uJPXemiyROl4AaABAg,PHe0bXAIuk0,UCWj4P34jzRj26WO7OZiGEyg,@Ø§Ù‚Ø±Ø£ÙˆØªØ¹Ù„Ù…-Ù‚6Ø¹,Ø´Ø±ÙƒØ© Ø¨ÙŠÙ†Øº Ø¢Ù† Ù„Ù„ØªØ£Ù…ÙŠÙ† (02318HK) Ù‡ÙŠ Ù…Ø¬Ù…ÙˆØ¹Ø© Ø±Ø§Ø¦Ø¯Ø© ÙÙŠ Ù…Ø¬Ø§Ù„ Ø§Ù„Ø®Ø¯Ù…Ø§Øª Ø§Ù„Ù…Ø§Ù„ÙŠØ© Ø§Ù„Ù…ØªÙƒØ§Ù…Ù„Ø© ÙÙŠ Ø§Ù„ØµÙŠÙ†ØŒ ØªØºØ·ÙŠ Ø£Ø¹Ù…Ø§Ù„Ù‡Ø§ Ù‚Ø·Ø§Ø¹Ø§Øª Ø§Ù„ØªØ£Ù…ÙŠÙ† ÙˆØ§Ù„Ø®Ø¯Ù…Ø§Øª Ø§Ù„Ù…ØµØ±ÙÙŠØ© ÙˆØ§Ù„Ø§Ø³ØªØ«Ù…Ø§Ø±. ÙˆÙ‡ÙŠ Ù…Ù†Ø§Ø³Ø¨Ø© Ù„Ù…Ø¬Ù…ÙˆØ¹Ø© ÙˆØ§Ø³Ø¹Ø© Ù…Ù† Ø§Ù„Ù…Ø³ØªØ«Ù…Ø±ÙŠÙ†.,2025-10-30T10:44:54Z,0,False,0,0.0,0,-1,3,Casual Viewer,10
Ugy23Ln5DRvRknrZBH94AaABAg,PHe0bXAIuk0,UCjoStyYr6YkFa4iJ-XFDd3g,@ahmedelsayedewaida5596,Ø´Ø±ÙƒØ© Ø¨ÙŠÙ†Øº Ø¢Ù† Ù„Ù„ØªØ£Ù…ÙŠÙ† (02318HK) Ù‡ÙŠ Ù…Ø¬Ù…ÙˆØ¹Ø© Ø±Ø§Ø¦Ø¯Ø© ÙÙŠ Ù…Ø¬Ø§Ù„ Ø§Ù„Ø®Ø¯Ù…Ø§Øª Ø§Ù„Ù…Ø§Ù„ÙŠØ© Ø§Ù„Ù…ØªÙƒØ§Ù…Ù„Ø© ÙÙŠ Ø§Ù„ØµÙŠÙ†ØŒ ØªØºØ·ÙŠ Ø£Ø¹Ù…Ø§Ù„Ù‡Ø§ Ù‚Ø·Ø§Ø¹Ø§Øª Ø§Ù„ØªØ£Ù…ÙŠÙ† ÙˆØ§Ù„Ø®Ø¯Ù…Ø§Øª Ø§Ù„Ù…ØµØ±ÙÙŠØ© ÙˆØ§Ù„Ø§Ø³ØªØ«Ù…Ø§Ø±. ÙˆÙ‡ÙŠ Ù…Ù†Ø§Ø³Ø¨Ø© Ù„Ù…Ø¬Ù…ÙˆØ¹Ø© ÙˆØ§Ø³Ø¹Ø© Ù…Ù† Ø§Ù„Ù…Ø³ØªØ«Ù…Ø±ÙŠÙ†.,2025-10-30T10:42:21Z,0,False,0,0.0,0,-1,0,Casual Viewer,11
Ugwc70zdTppcGj6fU2N4AaABAg,PHe0bXAIuk0,UCGWj9L3JTKQYj7yKQZ8G1ZA,@ahmedelashek,"Ping An Insurance (02318HK) is a leading integrated financial services group in China, with businesses covering insurance, banking, and investment. Suitable for a wide range of investors.",2025-10-30T10:20:38Z,0,False,0,0.0,0,-1,0,Casual Viewer,11
Ugy_C7JKpBjsmdpdg3d4AaABAg,PHe0bXAIuk0,UCwatG38FoiOwCFpMPNP-1ZA,@mhmd_2-d3n,Ø´Ø±ÙƒØ© Ø¨ÙŠÙ†Øº Ø¢Ù† Ù„Ù„ØªØ£Ù…ÙŠÙ† (02318HK)Ù‡ÙŠ Ù…Ø¬Ù…ÙˆØ¹Ø© Ø±Ø§Ø¦Ø¯Ø© ÙÙŠ Ù…Ø¬Ø§Ù„ Ø§Ù„Ø®Ø¯Ù…Ø§Øª Ø§Ù„Ù…Ø§Ù„ÙŠØ© Ø§Ù„Ù…ØªÙƒØ§Ù…Ù„Ø© ÙÙŠ Ø§Ù„ØµÙŠÙ† ØªØºØ·ÙŠ Ø§Ø¹Ù…Ø§Ù„Ù‡Ø§ Ù‚Ø·Ø§Ø¹Ø§Øª Ø§Ù„ØªØ£Ù…ÙŠÙ† ÙˆØ§Ù„Ø®Ø¯Ù…Ø§Øª Ø§Ù„Ù…ØµØ±ÙÙŠØ© ÙˆØ§Ù„Ø§Ø³ØªØ«Ù…Ø§Ø± ÙˆÙ‡ÙŠ Ù…Ù†Ø§Ø³Ø¨Ø© Ù„Ù…Ø¬Ù…ÙˆØ¹Ø© ÙˆØ§Ø³Ø¹Ø© Ù…Ù† Ø§Ù„Ù…Ø³ØªØ«Ù…Ø±ÙŠÙ†,2025-10-30T10:13:49Z,0,False,0,0.0,0,-1,3,Casual Viewer,11
UgwxNkSa8ak6xGJUJip4AaABAg,PHe0bXAIuk0,UCdAQ-DASSy0disbzR_bFKoA,@Video-yw6uj,Ø´Ø±ÙƒØ© Ø¨ÙŠÙ†Øº Ø¢Ù† Ù„Ù„ØªØ£Ù…ÙŠÙ† (02318HK) Ù‡ÙŠ Ù…Ø¬Ù…ÙˆØ¹Ø© Ø±Ø§Ø¦Ø¯Ø© ÙÙŠ Ù…Ø¬Ø§Ù„ Ø§Ù„Ø®Ø¯Ù…Ø§Øª Ø§Ù„Ù…Ø§Ù„ÙŠØ© Ø§Ù„Ù…ØªÙƒØ§Ù…Ù„Ø© ÙÙŠ Ø§Ù„ØµÙŠÙ†ØŒ ØªØºØ·ÙŠ Ø£Ø¹Ù…Ø§Ù„Ù‡Ø§ Ù‚Ø·Ø§Ø¹Ø§Øª Ø§Ù„ØªØ£Ù…ÙŠÙ† ÙˆØ§Ù„Ø®Ø¯Ù…Ø§Øª Ø§Ù„Ù…ØµØ±ÙÙŠØ© ÙˆØ§Ù„Ø§Ø³ØªØ«Ù…Ø§Ø±. ÙˆÙ‡ÙŠ Ù…Ù†Ø§Ø³Ø¨Ø© Ù„Ù…Ø¬Ù…ÙˆØ¹Ø© ÙˆØ§Ø³Ø¹Ø© Ù…Ù† Ø§Ù„Ù…Ø³ØªØ«Ù…Ø±ÙŠÙ†.,2025-10-30T10:12:45Z,0,False,0,0.0,0,-1,0,Casual Viewer,12
UgykT1j5arPUEE-QLrp4AaABAg,PHe0bXAIuk0,UC5Mp66VsZq3yqglrN8u4B9g,@Ø®Ø§Ù„Ø¯Ø§Ù„Ø®Ù„ÙØ§Ù„Ø¹Ù„ÙŠ,"Ping An Insurance Company (02318HK) is a leading integrated financial services group in China, whose business covers the insurance, banking, and investment sectors. It is suitable for a wide range of investors.",2025-10-30T10:02:43Z,0,False,0,0.0,0,-1,0,Casual Viewer,12
UgzaC7EzrChn3dWbLXJ4AaABAg,PHe0bXAIuk0,UCOC-qiKvorZ5uAdnallQijQ,@ahmadata5330,Ø´Ø±ÙƒØ© Ø¨ÙŠÙ†Øº Ø¢Ù† Ù„Ù„ØªØ£Ù…ÙŠÙ† (02318HK) Ù‡ÙŠ Ù…Ø¬Ù…ÙˆØ¹Ø© Ø±Ø§Ø¦Ø¯Ø© ÙÙŠ Ù…Ø¬Ø§Ù„ Ø§Ù„Ø®Ø¯Ù…Ø§Øª Ø§Ù„Ù…Ø§Ù„ÙŠØ© Ø§Ù„Ù…ØªÙƒØ§Ù…Ù„Ø© ÙÙŠ Ø§Ù„ØµÙŠÙ†ØŒ ØªØºØ·ÙŠ Ø£Ø¹Ù…Ø§Ù„Ù‡Ø§ Ù‚Ø·Ø§Ø¹Ø§Øª Ø§Ù„ØªØ£Ù…ÙŠÙ† ÙˆØ§Ù„Ø®Ø¯Ù…Ø§Øª Ø§Ù„Ù…ØµØ±ÙÙŠØ© ÙˆØ§Ù„Ø§Ø³ØªØ«Ù…Ø§Ø±. ÙˆÙ‡ÙŠ Ù…Ù†Ø§Ø³Ø¨Ø© Ù„Ù…Ø¬Ù…ÙˆØ¹Ø© ÙˆØ§Ø³Ø¹Ø© Ù…Ù† Ø§Ù„Ù…Ø³ØªØ«Ù…Ø±ÙŠÙ†.,2025-10-30T09:57:55Z,0,False,0,0.0,0,-1,0,Casual Viewer,12
Ugy-nAggCDy_-j-Tp3J4AaABAg,PHe0bXAIuk0,UCX_-Tkncm3ETi4RcR_6uieQ,@sherifsobhyelshamy6587,Ping An Insurance (02318HK) is  leading integrated financial services group in China with businesses convering insurance banking and investment suitable for a wide range of investors,2025-10-30T09:47:00Z,0,False,0,0.0,0,-1,0,Casual Viewer,12
UgysnT5rNKbmJhRrxHp4AaABAg,PHe0bXAIuk0,UCGI199V2RBt7xppk9mZWeog,@mohamed3mrity739,Ø´Ø±ÙƒØ© Ø¨ÙŠÙ†Øº Ø¢Ù† Ù„Ù„ØªØ£Ù…ÙŠÙ† (02318HK) Ù‡ÙŠ Ù…Ø¬Ù…ÙˆØ¹Ø© Ø±Ø§Ø¦Ø¯Ø© ÙÙŠ Ù…Ø¬Ø§Ù„ Ø§Ù„Ø®Ø¯Ù…Ø§Øª Ø§Ù„Ù…Ø§Ù„ÙŠØ© Ø§Ù„Ù…ØªÙƒØ§Ù…Ù„Ø© ÙÙŠ Ø§Ù„ØµÙŠÙ†ØŒ ØªØºØ·ÙŠ Ø£Ø¹Ù…Ø§Ù„Ù‡Ø§ Ù‚Ø·Ø§Ø¹Ø§Øª Ø§Ù„ØªØ£Ù…ÙŠÙ† ÙˆØ§Ù„Ø®Ø¯Ù…Ø§Øª Ø§Ù„Ù…ØµØ±ÙÙŠØ© ÙˆØ§Ù„Ø§Ø³ØªØ«Ù…Ø§Ø±. ÙˆÙ‡ÙŠ Ù…Ù†Ø§Ø³Ø¨Ø© Ù„Ù…Ø¬Ù…ÙˆØ¹Ø© ÙˆØ§Ø³Ø¹Ø© Ù…Ù† Ø§Ù„Ù…Ø³ØªØ«Ù…Ø±ÙŠÙ†.,2025-10-30T09:35:15Z,0,False,0,0.0,0,-1,0,Casual Viewer,12
UgzYLGADXyWyy3GLnLp4AaABAg,PHe0bXAIuk0,UC67kWTAKj0ZDSQ13N7OPuEQ,@AbdelrahmanMohamed-ig8pm,Ø´Ø±ÙƒØ© Ø¨ÙŠÙ†Øº Ø¢Ù† Ù„Ù„ØªØ£Ù…ÙŠÙ† (02318HK) Ù‡ÙŠ Ù…Ø¬Ù…ÙˆØ¹Ø© Ø±Ø§Ø¦Ø¯Ø© ÙÙŠ Ù…Ø¬Ø§Ù„ Ø§Ù„Ø®Ø¯Ù…Ø§Øª Ø§Ù„Ù…Ø§Ù„ÙŠØ© Ø§Ù„Ù…ØªÙƒØ§Ù…Ù„Ø© ÙÙŠ Ø§Ù„ØµÙŠÙ†ØŒ ØªØºØ·ÙŠ Ø£Ø¹Ù…Ø§Ù„Ù‡Ø§ Ù‚Ø·Ø§Ø¹Ø§Øª Ø§Ù„ØªØ£Ù…ÙŠÙ† ÙˆØ§Ù„Ø®Ø¯Ù…Ø§Øª Ø§Ù„Ù…ØµØ±ÙÙŠØ© ÙˆØ§Ù„Ø§Ø³ØªØ«Ù…Ø§Ø±. ÙˆÙ‡ÙŠ Ù…Ù†Ø§Ø³Ø¨Ø© Ù„Ù…Ø¬Ù…ÙˆØ¹Ø© ÙˆØ§Ø³Ø¹Ø© Ù…Ù† Ø§Ù„Ù…Ø³ØªØ«Ù…Ø±ÙŠÙ†.,2025-10-30T09:33:41Z,0,False,0,0.0,0,-1,0,Casual Viewer,12
Ugx1ADo_fUbhXKHJ2Bh4AaABAg,PHe0bXAIuk0,UCDiS28HoLgNMGSpijzN568A,@Ù…Ø­Ù…Ø¯Ø£Ø­Ù…Ø¯-Ù‡5Ø­5Ù…,Ø´Ø±ÙƒØ© Ø¨ÙŠÙ†Øº Ø¢Ù† Ù„Ù„ØªØ£Ù…ÙŠÙ† (02318HK) Ù‡ÙŠ Ù…Ø¬Ù…ÙˆØ¹Ø© Ø±Ø§Ø¦Ø¯Ø© ÙÙŠ Ù…Ø¬Ø§Ù„ Ø§Ù„Ø®Ø¯Ù…Ø§Øª Ø§Ù„Ù…Ø§Ù„ÙŠØ© Ø§Ù„Ù…ØªÙƒØ§Ù…Ù„Ø© ÙÙŠ Ø§Ù„ØµÙŠÙ†ØŒ ØªØºØ·ÙŠ Ø£Ø¹Ù…Ø§Ù„Ù‡Ø§ Ù‚Ø·Ø§Ø¹Ø§Øª Ø§Ù„ØªØ£Ù…ÙŠÙ† ÙˆØ§Ù„Ø®Ø¯Ù…Ø§Øª Ø§Ù„Ù…ØµØ±ÙÙŠØ© ÙˆØ§Ù„Ø§Ø³ØªØ«Ù…Ø§Ø±. ÙˆÙ‡ÙŠ Ù…Ù†Ø§Ø³Ø¨Ø© Ù„Ù…Ø¬Ù…ÙˆØ¹Ø© ÙˆØ§Ø³Ø¹Ø© Ù…Ù† Ø§Ù„Ù…Ø³ØªØ«Ù…Ø±ÙŠÙ†.,2025-10-30T09:30:47Z,0,False,0,0.0,0,-1,0,Casual Viewer,14
Ugxk1-_vdeXkzpi4Qj94AaABAg,PHe0bXAIuk0,UCf9icrK9zKolJcmzXV-CcGg,@ESSAID-g9m,Ø´Ø±ÙƒØ© Ø¨ÙŠÙ†Øº Ø¢Ù† Ù„Ù„ØªØ£Ù…ÙŠÙ† (02318HK) Ù‡ÙŠ Ù…Ø¬Ù…ÙˆØ¹Ø© Ø±Ø§Ø¦Ø¯Ø© ÙÙŠ Ù…Ø¬Ø§Ù„ Ø§Ù„Ø®Ø¯Ù…Ø§Øª Ø§Ù„Ù…Ø§Ù„ÙŠØ© Ø§Ù„Ù…ØªÙƒØ§Ù…Ù„Ø© ÙÙŠ Ø§Ù„ØµÙŠÙ†ØŒ ØªØºØ·ÙŠ Ø£Ø¹Ù…Ø§Ù„Ù‡Ø§ Ù‚Ø·Ø§Ø¹Ø§Øª Ø§Ù„ØªØ£Ù…ÙŠÙ† ÙˆØ§Ù„Ø®Ø¯Ù…Ø§Øª Ø§Ù„Ù…ØµØ±ÙÙŠØ© ÙˆØ§Ù„Ø§Ø³ØªØ«Ù…Ø§Ø±. ÙˆÙ‡ÙŠ Ù…Ù†Ø§Ø³Ø¨Ø© Ù„Ù…Ø¬Ù…ÙˆØ¹Ø© ÙˆØ§Ø³Ø¹Ø© Ù…Ù† Ø§Ù„Ù…Ø³ØªØ«Ù…Ø±ÙŠÙ†.,2025-10-30T09:28:30Z,0,False,0,0.0,0,-1,0,Casual Viewer,14
Ugymt_hh3vuHFcxLHEh4AaABAg,PHe0bXAIuk0,UC4AagwQLp_BQyQRaGlGMJZw,@tamerali6112,Ø´Ø±ÙƒØ© Ø¨ÙŠÙ†Øº Ø¢Ù† Ù„Ù„ØªØ£Ù…ÙŠÙ† (02318HK) Ù‡ÙŠ Ù…Ø¬Ù…ÙˆØ¹Ø© Ø±Ø§Ø¦Ø¯Ø© ÙÙŠ Ù…Ø¬Ø§Ù„ Ø§Ù„Ø®Ø¯Ù…Ø§Øª Ø§Ù„Ù…Ø§Ù„ÙŠØ© Ø§Ù„Ù…ØªÙƒØ§Ù…Ù„Ø© ÙÙŠ Ø§Ù„ØµÙŠÙ†ØŒ ØªØºØ·ÙŠ Ø£Ø¹Ù…Ø§Ù„Ù‡Ø§ Ù‚Ø·Ø§Ø¹Ø§Øª Ø§Ù„ØªØ£Ù…ÙŠÙ† ÙˆØ§Ù„Ø®Ø¯Ù…Ø§Øª Ø§Ù„Ù…ØµØ±ÙÙŠØ© ÙˆØ§Ù„Ø§Ø³ØªØ«Ù…Ø§Ø±. ÙˆÙ‡ÙŠ Ù…Ù†Ø§Ø³Ø¨Ø© Ù„Ù…Ø¬Ù…ÙˆØ¹Ø© ÙˆØ§Ø³Ø¹Ø© Ù…Ù† Ø§Ù„Ù…Ø³ØªØ«Ù…Ø±ÙŠÙ†.,2025-10-30T09:24:17Z,0,False,0,0.0,0,-1,0,Casual Viewer,14
UgxNZMtzxzLwTrNOpl14AaABAg,PHe0bXAIuk0,UC_j2cfSlOhGlsSL5CId24Gg,@HAabdssadq,"Ping An Insurance Company (02318HK) is a leading integrated financial services group in China, whose business covers the insurance, banking, and investment sectors. It is suitable for a wide range of investors.",2025-10-30T09:23:34Z,0,False,0,0.0,0,-1,0,Casual Viewer,14
UgxFIuc5Nltw_RQIqdl4AaABAg,PHe0bXAIuk0,UCLPZO26XLVoiGn1lLNi8alQ,@dinamohamed4702,Ø´Ø±ÙƒØ© Ø¨ÙŠÙ†Øº Ø¢Ù† Ù„Ù„ØªØ£Ù…ÙŠÙ† (02318HK) Ù‡ÙŠ Ù…Ø¬Ù…ÙˆØ¹Ø© Ø±Ø§Ø¦Ø¯Ø© ÙÙŠ Ù…Ø¬Ø§Ù„ Ø§Ù„Ø®Ø¯Ù…Ø§Øª Ø§Ù„Ù…Ø§Ù„ÙŠØ© Ø§Ù„Ù…ØªÙƒØ§Ù…Ù„Ø© ÙÙŠ Ø§Ù„ØµÙŠÙ†ØŒ ØªØºØ·ÙŠ Ø£Ø¹Ù…Ø§Ù„Ù‡Ø§ Ù‚Ø·Ø§Ø¹Ø§Øª Ø§Ù„ØªØ£Ù…ÙŠÙ† ÙˆØ§Ù„Ø®Ø¯Ù…Ø§Øª Ø§Ù„Ù…ØµØ±ÙÙŠØ© ÙˆØ§Ù„Ø§Ø³ØªØ«Ù…Ø§Ø±. ÙˆÙ‡ÙŠ Ù…Ù†Ø§Ø³Ø¨Ø© Ù„Ù…Ø¬Ù…ÙˆØ¹Ø© ÙˆØ§Ø³Ø¹Ø© Ù…Ù† Ø§Ù„Ù…Ø³ØªØ«Ù…Ø±ÙŠÙ†.,2025-10-30T09:20:20Z,0,False,0,0.0,0,-1,0,Casual Viewer,14
UgxxcQLzduPIid9-Oz94AaABAg,PHe0bXAIuk0,UC4EfNjlYgRvkSD35aSBF0wQ,@gehadmohamad375,Ø´Ø±ÙƒØ© Ø¨ÙŠÙ†Øº Ø¢Ù† Ù„Ù„ØªØ£Ù…ÙŠÙ† (02318HK) Ù‡ÙŠ Ù…Ø¬Ù…ÙˆØ¹Ø© Ø±Ø§Ø¦Ø¯Ø© ÙÙŠ Ù…Ø¬Ø§Ù„ Ø§Ù„Ø®Ø¯Ù…Ø§Øª Ø§Ù„Ù…Ø§Ù„ÙŠØ© Ø§Ù„Ù…ØªÙƒØ§Ù…Ù„Ø© ÙÙŠ Ø§Ù„ØµÙŠÙ†ØŒ ØªØºØ·ÙŠ Ø£Ø¹Ù…Ø§Ù„Ù‡Ø§ Ù‚Ø·Ø§Ø¹Ø§Øª Ø§Ù„ØªØ£Ù…ÙŠÙ† ÙˆØ§Ù„Ø®Ø¯Ù…Ø§Øª Ø§Ù„Ù…ØµØ±ÙÙŠØ© ÙˆØ§Ù„Ø§Ø³ØªØ«Ù…Ø§Ø±. ÙˆÙ‡ÙŠ Ù…Ù†Ø§Ø³Ø¨Ø© Ù„Ù…Ø¬Ù…ÙˆØ¹Ø© ÙˆØ§Ø³Ø¹Ø© Ù…Ù† Ø§Ù„Ù…Ø³ØªØ«Ù…Ø±ÙŠÙ†.,2025-10-30T09:14:40Z,0,False,0,0.0,0,-1,0,Casual Viewer,14
Ugyby8GJmxU8-uy-yYJ4AaABAg,PHe0bXAIuk0,UCZevbRcU4wEVP7-w63KtRJw,@mohamedabdelkarim9072,Ø´Ø±ÙƒØ© Ø¨ÙŠÙ†Øº Ø¢Ù† Ù„Ù„ØªØ£Ù…ÙŠÙ† (02318HK) Ù‡ÙŠ Ù…Ø¬Ù…ÙˆØ¹Ø© Ø±Ø§Ø¦Ø¯Ø© ÙÙŠ Ù…Ø¬Ø§Ù„ Ø§Ù„Ø®Ø¯Ù…Ø§Øª Ø§Ù„Ù…Ø§Ù„ÙŠØ© Ø§Ù„Ù…ØªÙƒØ§Ù…Ù„Ø© ÙÙŠ Ø§Ù„ØµÙŠÙ†ØŒ ØªØºØ·ÙŠ Ø£Ø¹Ù…Ø§Ù„Ù‡Ø§ Ù‚Ø·Ø§Ø¹Ø§Øª Ø§Ù„ØªØ£Ù…ÙŠÙ† ÙˆØ§Ù„Ø®Ø¯Ù…Ø§Øª Ø§Ù„Ù…ØµØ±ÙÙŠØ© ÙˆØ§Ù„Ø§Ø³ØªØ«Ù…Ø§Ø±. ÙˆÙ‡ÙŠ Ù…Ù†Ø§Ø³Ø¨Ø© Ù„Ù…Ø¬Ù…ÙˆØ¹Ø© ÙˆØ§Ø³Ø¹Ø© Ù…Ù† Ø§Ù„Ù…Ø³ØªØ«Ù…Ø±ÙŠÙ†.,2025-10-30T09:14:21Z,0,False,0,0.0,0,-1,0,Casual Viewer,14
UgxZABTviPN5mk0h1R54AaABAg,PHe0bXAIuk0,UC59Cbbanla-Uvyo_qFD3uwA,@AhmedMedo67118,Ø´Ø±ÙƒØ© Ø¨ÙŠÙ†Øº Ø¢Ù† Ù„Ù„ØªØ£Ù…ÙŠÙ† (02318HK) Ù‡ÙŠ Ù…Ø¬Ù…ÙˆØ¹Ø© Ø±Ø§Ø¦Ø¯Ø© ÙÙŠ Ù…Ø¬Ø§Ù„ Ø§Ù„Ø®Ø¯Ù…Ø§Øª Ø§Ù„Ù…Ø§Ù„ÙŠØ© Ø§Ù„Ù…ØªÙƒØ§Ù…Ù„Ø© ÙÙŠ Ø§Ù„ØµÙŠÙ†ØŒ ØªØºØ·ÙŠ Ø£Ø¹Ù…Ø§Ù„Ù‡Ø§ Ù‚Ø·Ø§Ø¹Ø§Øª Ø§Ù„ØªØ£Ù…ÙŠÙ† ÙˆØ§Ù„Ø®Ø¯Ù…Ø§Øª Ø§Ù„Ù…ØµØ±ÙÙŠØ© ÙˆØ§Ù„Ø§Ø³ØªØ«Ù…Ø§Ø±. ÙˆÙ‡ÙŠ Ù…Ù†Ø§Ø³Ø¨Ø© Ù„Ù…Ø¬Ù…ÙˆØ¹Ø© ÙˆØ§Ø³Ø¹Ø© Ù…Ù† Ø§Ù„Ù…Ø³ØªØ«Ù…Ø±ÙŠÙ†.,2025-10-30T09:13:46Z,0,False,0,0.0,0,-1,3,Casual Viewer,18
UgxgWTxyhfuSftSGlL14AaABAg,PHe0bXAIuk0,UCh_fOD9-1vC6fFkCSZFiuhQ,@AhmedEwis-d7g,"Ping An Insurance (02318HK) is a leading integrated financial services group in China, with businesses covering insurance, banking, and investment. Suitable for a wide range of investors.",2025-10-30T09:10:48Z,0,False,0,0.0,0,-1,0,Casual Viewer,18
UgxKK2qQUZEvGLn_T754AaABAg,PHe0bXAIuk0,UCDXPLXpBdEgwllnN4DM3WJw,@MahmoudRashid-h3z,"Ping An Insurance Company (02318) is a leading integrated financial services group in China, whose business covers the insurance, banking, and investment sectors. It is suitable for a wide range of investors.",2025-10-30T09:10:08Z,0,False,0,0.0,0,-1,0,Casual Viewer,18
Ugz7YyadvyTF3mWQJb94AaABAg,PHe0bXAIuk0,UCNcmfjqQrUu8veQ7Oan-GHQ,@saja54-o2o,Ø´Ø±ÙƒØ© Ø¨ÙŠÙ†Øº Ø¢Ù† Ù„Ù„ØªØ£Ù…ÙŠÙ† (02318HK) Ù‡ÙŠ Ù…Ø¬Ù…ÙˆØ¹Ø© Ø±Ø§Ø¦Ø¯Ø© ÙÙŠ Ù…Ø¬Ø§Ù„ Ø§Ù„Ø®Ø¯Ù…Ø§Øª Ø§Ù„Ù…Ø§Ù„ÙŠØ© Ø§Ù„Ù…ØªÙƒØ§Ù…Ù„Ø© ÙÙŠ Ø§Ù„ØµÙŠÙ†ØŒ ØªØºØ·ÙŠ Ø£Ø¹Ù…Ø§Ù„Ù‡Ø§ Ù‚Ø·Ø§Ø¹Ø§Øª Ø§Ù„ØªØ£Ù…ÙŠÙ† ÙˆØ§Ù„Ø®Ø¯Ù…Ø§Øª Ø§Ù„Ù…ØµØ±ÙÙŠØ© ÙˆØ§Ù„Ø§Ø³ØªØ«Ù…Ø§Ø±. ÙˆÙ‡ÙŠ Ù…Ù†Ø§Ø³Ø¨Ø© Ù„Ù…Ø¬Ù…ÙˆØ¹Ø© ÙˆØ§Ø³Ø¹Ø© Ù…Ù† Ø§Ù„Ù…Ø³ØªØ«Ù…Ø±ÙŠÙ†.,2025-10-30T09:08:00Z,0,False,0,0.0,0,-1,0,Casual Viewer,18
Ugz84J_jacsM3-fUiFp4AaABAg,PHe0bXAIuk0,UCvec42jZHqOe0O6HY988sYA,@LatifaAnejjar,Ø´Ø±ÙƒØ© Ø¨ÙŠÙ†Øº Ø¢Ù† Ù„Ù„ØªØ£Ù…ÙŠÙ† (02318HK) Ù‡ÙŠ Ù…Ø¬Ù…ÙˆØ¹Ø© Ø±Ø§Ø¦Ø¯Ø© ÙÙŠ Ù…Ø¬Ø§Ù„ Ø§Ù„Ø®Ø¯Ù…Ø§Øª Ø§Ù„Ù…Ø§Ù„ÙŠØ© Ø§Ù„Ù…ØªÙƒØ§Ù…Ù„Ø© ÙÙŠ Ø§Ù„ØµÙŠÙ†ØŒ ØªØºØ·ÙŠ Ø£Ø¹Ù…Ø§Ù„Ù‡Ø§ Ù‚Ø·Ø§Ø¹Ø§Øª Ø§Ù„ØªØ£Ù…ÙŠÙ† ÙˆØ§Ù„Ø®Ø¯Ù…Ø§Øª Ø§Ù„Ù…ØµØ±ÙÙŠØ© ÙˆØ§Ù„Ø§Ø³ØªØ«Ù…Ø§Ø±. ÙˆÙ‡ÙŠ Ù…Ù†Ø§Ø³Ø¨Ø© Ù„Ù…Ø¬Ù…ÙˆØ¹Ø© ÙˆØ§Ø³Ø¹Ø© Ù…Ù† Ø§Ù„Ù…Ø³ØªØ«Ù…Ø±ÙŠÙ†.,2025-10-30T09:07:35Z,0,False,0,0.0,0,-1,3,Casual Viewer,49
UgyMaQm71-jWXUAQ3XF4AaABAg,PHe0bXAIuk0,UCW5llJO0Kcle5V6aZ3pObqA,@nonomohammed-y9n,Ø´Ø±ÙƒØ© Ø¨ÙŠÙ†Øº Ø¢Ù† Ù„Ù„ØªØ£Ù…ÙŠÙ† (02318HK) Ù‡ÙŠ Ù…Ø¬Ù…ÙˆØ¹Ø© Ø±Ø§Ø¦Ø¯Ø© ÙÙŠ Ù…Ø¬Ø§Ù„ Ø§Ù„Ø®Ø¯Ù…Ø§Øª Ø§Ù„Ù…Ø§Ù„ÙŠØ© Ø§Ù„Ù…ØªÙƒØ§Ù…Ù„Ø© ÙÙŠ Ø§Ù„ØµÙŠÙ†ØŒ ØªØºØ·ÙŠ Ø£Ø¹Ù…Ø§Ù„Ù‡Ø§ Ù‚Ø·Ø§Ø¹Ø§Øª Ø§Ù„ØªØ£Ù…ÙŠÙ† ÙˆØ§Ù„Ø®Ø¯Ù…Ø§Øª Ø§Ù„Ù…ØµØ±ÙÙŠØ© ÙˆØ§Ù„Ø§Ø³ØªØ«Ù…Ø§Ø±. ÙˆÙ‡ÙŠ Ù…Ù†Ø§Ø³Ø¨Ø© Ù„Ù…Ø¬Ù…ÙˆØ¹Ø© ÙˆØ§Ø³Ø¹Ø© Ù…Ù† Ø§Ù„Ù…Ø³ØªØ«Ù…Ø±ÙŠÙ†.,2025-10-30T09:06:43Z,0,False,0,0.0,0,-1,0,Casual Viewer,19
Ugyc8VcZZ0QfhAIzaHR4AaABAg,PHe0bXAIuk0,UCYg3Vizx2Uf-rkOB8qqX26g,@Ø­Ú©ÙŠÙ…-Ù„5Ù…,Ø´Ø±ÙƒØ© Ø¨ÙŠÙ†Øº Ø¢Ù† Ù„Ù„ØªØ£Ù…ÙŠÙ† (02318HK) Ù‡ÙŠ Ù…Ø¬Ù…ÙˆØ¹Ø© Ø±Ø§Ø¦Ø¯Ø© ÙÙŠ Ù…Ø¬Ø§Ù„ Ø§Ù„Ø®Ø¯Ù…Ø§Øª Ø§Ù„Ù…Ø§Ù„ÙŠØ© Ø§Ù„Ù…ØªÙƒØ§Ù…Ù„Ø© ÙÙŠ Ø§Ù„ØµÙŠÙ†ØŒ ØªØºØ·ÙŠ Ø£Ø¹Ù…Ø§Ù„Ù‡Ø§ Ù‚Ø·Ø§Ø¹Ø§Øª Ø§Ù„ØªØ£Ù…ÙŠÙ† ÙˆØ§Ù„Ø®Ø¯Ù…Ø§Øª Ø§Ù„Ù…ØµØ±ÙÙŠØ© ÙˆØ§Ù„Ø§Ø³ØªØ«Ù…Ø§Ø±. ÙˆÙ‡ÙŠ Ù…Ù†Ø§Ø³Ø¨Ø© Ù„Ù…Ø¬Ù…ÙˆØ¹Ø© ÙˆØ§Ø³Ø¹Ø© Ù…Ù† Ø§Ù„Ù…Ø³ØªØ«Ù…Ø±ÙŠÙ†.,2025-10-30T09:01:49Z,0,False,0,0.0,0,-1,0,Casual Viewer,19
UgzRdtdvyHVYCXQbMS94AaABAg,PHe0bXAIuk0,UCVapnett-GKnNV7PrNvVUxw,@bassmastore,"Ping An Insurance (02318HK) is a leading integrated financial services group in China, with businesses covering insurance, banking, and investment. Suitable for a wide range of investors.",2025-10-30T09:00:40Z,0,False,0,0.0,0,-1,0,Casual Viewer,19
UgxkDnWIqOqTCWdrilZ4AaABAg,PHe0bXAIuk0,UC6O7iTasFVjLjVnqvjjTuiw,@salman24sa74,Ø´Ø±ÙƒØ© Ø¨ÙŠÙ†Øº Ø¢Ù† Ù„Ù„ØªØ£Ù…ÙŠÙ† (02318HK) Ù‡ÙŠ Ù…Ø¬Ù…ÙˆØ¹Ø© Ø±Ø§Ø¦Ø¯Ø© ÙÙŠ Ù…Ø¬Ø§Ù„ Ø§Ù„Ø®Ø¯Ù…Ø§Øª Ø§Ù„Ù…Ø§Ù„ÙŠØ© Ø§Ù„Ù…ØªÙƒØ§Ù…Ù„Ø© ÙÙŠ Ø§Ù„ØµÙŠÙ†ØŒ ØªØºØ·ÙŠ Ø£Ø¹Ù…Ø§Ù„Ù‡Ø§ Ù‚Ø·Ø§Ø¹Ø§Øª Ø§Ù„ØªØ£Ù…ÙŠÙ† ÙˆØ§Ù„Ø®Ø¯Ù…Ø§Øª Ø§Ù„Ù…ØµØ±ÙÙŠØ© ÙˆØ§Ù„Ø§Ø³ØªØ«Ù…Ø§Ø±. ÙˆÙ‡ÙŠ Ù…Ù†Ø§Ø³Ø¨Ø© Ù„Ù…Ø¬Ù…ÙˆØ¹Ø© ÙˆØ§Ø³Ø¹Ø© Ù…Ù† Ø§Ù„Ù…Ø³ØªØ«Ù…Ø±ÙŠÙ†,2025-10-30T09:00:14Z,0,False,0,0.0,0,-1,0,Casual Viewer,19
Ugw3guNjHm760kGM3Rx4AaABAg,PHe0bXAIuk0,UCjclWVW1SMh_Q8O4Ah40Rsg,@knowledgeispower7318,Ø´Ø±ÙƒØ© Ø¨ÙŠÙ†Øº Ø¢Ù† Ù„Ù„ØªØ£Ù…ÙŠÙ† (02318HK) Ù‡ÙŠ Ù…Ø¬Ù…ÙˆØ¹Ø© Ø±Ø§Ø¦Ø¯Ø© ÙÙŠ Ù…Ø¬Ø§Ù„ Ø§Ù„Ø®Ø¯Ù…Ø§Øª Ø§Ù„Ù…Ø§Ù„ÙŠØ© Ø§Ù„Ù…ØªÙƒØ§Ù…Ù„Ø© ÙÙŠ Ø§Ù„ØµÙŠÙ†ØŒ ØªØºØ·ÙŠ Ø£Ø¹Ù…Ø§Ù„Ù‡Ø§ Ù‚Ø·Ø§Ø¹Ø§Øª Ø§Ù„ØªØ£Ù…ÙŠÙ† ÙˆØ§Ù„Ø®Ø¯Ù…Ø§Øª Ø§Ù„Ù…ØµØ±ÙÙŠØ© ÙˆØ§Ù„Ø§Ø³ØªØ«Ù…Ø§Ø±. ÙˆÙ‡ÙŠ Ù…Ù†Ø§Ø³Ø¨Ø© Ù„Ù…Ø¬Ù…ÙˆØ¹Ø© ÙˆØ§Ø³Ø¹Ø© Ù…Ù† Ø§Ù„Ù…Ø³ØªØ«Ù…Ø±ÙŠÙ†.,2025-10-30T08:59:20Z,0,False,0,0.0,0,-1,0,Casual Viewer,19
UgzmAbcLEB456BTQorJ4AaABAg,PHe0bXAIuk0,UCTrf6vWgD92nnAmGJGmT5rA,@Ø³ÙŠÙØ§Ù„ÙƒÙˆØ§ÙÙŠ-Ø¸4Ø¶,Ø´Ø±ÙƒØ© Ø¨ÙŠÙ†Øº Ø¢Ù† Ù„Ù„ØªØ£Ù…ÙŠÙ† (02318HK) Ù‡ÙŠ Ù…Ø¬Ù…ÙˆØ¹Ø© Ø±Ø§Ø¦Ø¯Ø© ÙÙŠ Ù…Ø¬Ø§Ù„ Ø§Ù„Ø®Ø¯Ù…Ø§Øª Ø§Ù„Ù…Ø§Ù„ÙŠØ© Ø§Ù„Ù…ØªÙƒØ§Ù…Ù„Ø© ÙÙŠ Ø§Ù„ØµÙŠÙ†ØŒ ØªØºØ·ÙŠ Ø£Ø¹Ù…Ø§Ù„Ù‡Ø§ Ù‚Ø·Ø§Ø¹Ø§Øª Ø§Ù„ØªØ£Ù…ÙŠÙ† ÙˆØ§Ù„Ø®Ø¯Ù…Ø§Øª Ø§Ù„Ù…ØµØ±ÙÙŠØ© ÙˆØ§Ù„Ø§Ø³ØªØ«Ù…Ø§Ø±. ÙˆÙ‡ÙŠ Ù…Ù†Ø§Ø³Ø¨Ø© Ù„Ù…Ø¬Ù…ÙˆØ¹Ø© ÙˆØ§Ø³Ø¹Ø© Ù…Ù† Ø§Ù„Ù…Ø³ØªØ«Ù…Ø±ÙŠÙ†.,2025-10-30T08:58:23Z,0,False,0,0.0,0,-1,0,Casual Viewer,19
UgygL1VIwrQ1UYInSfR4AaABAg,PHe0bXAIuk0,UC5q6-g7Ow8n0o66b7DlGNmw,@mahmoudtaha7044,"Ping An Insurance (02318HK) is a leading integrated financial services group in China, with businesses covering insurance, banking, and investment. Suitable for a wide range of investors.",2025-10-30T08:57:41Z,0,False,0,0.0,0,-1,3,Casual Viewer,47
UgxBYPhb0KGP7GNJvVJ4AaABAg,PHe0bXAIuk0,UCQr8kSUgQ64yAmWs-0KQGtQ,@MbarekSameh-j7d,Ø´Ø±ÙƒØ© Ø¨ÙŠÙ†Øº Ø¢Ù† Ù„Ù„ØªØ£Ù…ÙŠÙ† (02318HK) Ù‡ÙŠ Ù…Ø¬Ù…ÙˆØ¹Ø© Ø±Ø§Ø¦Ø¯Ø© ÙÙŠ Ù…Ø¬Ø§Ù„ Ø§Ù„Ø®Ø¯Ù…Ø§Øª Ø§Ù„Ù…Ø§Ù„ÙŠØ© Ø§Ù„Ù…ØªÙƒØ§Ù…Ù„Ø© ÙÙŠ Ø§Ù„ØµÙŠÙ†ØŒ ØªØºØ·ÙŠ Ø£Ø¹Ù…Ø§Ù„Ù‡Ø§ Ù‚Ø·Ø§Ø¹Ø§Øª Ø§Ù„ØªØ£Ù…ÙŠÙ† ÙˆØ§Ù„Ø®Ø¯Ù…Ø§Øª Ø§Ù„Ù…ØµØ±ÙÙŠØ© ÙˆØ§Ù„Ø§Ø³ØªØ«Ù…Ø§Ø±. ÙˆÙ‡ÙŠ Ù…Ù†Ø§Ø³Ø¨Ø© Ù„Ù…Ø¬Ù…ÙˆØ¹Ø© ÙˆØ§Ø³Ø¹Ø© Ù…Ù† Ø§Ù„Ù…Ø³ØªØ«Ù…Ø±ÙŠÙ†.,2025-10-30T08:53:35Z,0,False,0,0.0,0,-1,0,Casual Viewer,20
UgwOVwISbunbyH8iwzB4AaABAg,PHe0bXAIuk0,UCI4HbUr9HWMp7Y5lu4mXKvQ,@-islamelbeltagy7321,Ø´Ø±ÙƒØ© Ø¨ÙŠÙ†Øº Ø¢Ù† Ù„Ù„ØªØ£Ù…ÙŠÙ† (02318HK) Ù‡ÙŠ Ù…Ø¬Ù…ÙˆØ¹Ø© Ø±Ø§Ø¦Ø¯Ø© ÙÙŠ Ù…Ø¬Ø§Ù„ Ø§Ù„Ø®Ø¯Ù…Ø§Øª Ø§Ù„Ù…Ø§Ù„ÙŠØ© Ø§Ù„Ù…ØªÙƒØ§Ù…Ù„Ø© ÙÙŠ Ø§Ù„ØµÙŠÙ†ØŒ ØªØºØ·ÙŠ Ø£Ø¹Ù…Ø§Ù„Ù‡Ø§ Ù‚Ø·Ø§Ø¹Ø§Øª Ø§Ù„ØªØ£Ù…ÙŠÙ† ÙˆØ§Ù„Ø®Ø¯Ù…Ø§Øª Ø§Ù„Ù…ØµØ±ÙÙŠØ© ÙˆØ§Ù„Ø§Ø³ØªØ«Ù…Ø§Ø±. ÙˆÙ‡ÙŠ Ù…Ù†Ø§Ø³Ø¨Ø© Ù„Ù…Ø¬Ù…ÙˆØ¹Ø© ÙˆØ§Ø³Ø¹Ø© Ù…Ù† Ø§Ù„Ù…Ø³ØªØ«Ù…Ø±ÙŠÙ†,2025-10-30T08:51:26Z,0,False,0,0.0,0,-1,0,Casual Viewer,20
UgwSqU-2I_ESoWSvc8V4AaABAg,PHe0bXAIuk0,UCByZ2Htw5pf3FMoazfkXRyQ,@drisscheliq7610,"Ping An Insurance (02318HK) is a leading integrated financial services group in China, with businesses covering insurance, banking, and investment. Suitable for a wide range of investors.",2025-10-30T08:49:10Z,0,False,0,0.0,0,-1,3,Casual Viewer,20
UgzBOLfP0lNeTiBZCTR4AaABAg,PHe0bXAIuk0,UCEldY49OrpaTThpT0C4Z0OA,@najlaeabad3008,Ø´Ø±ÙƒØ© Ø¨ÙŠÙ†Øº Ø¢Ù† Ù„Ù„ØªØ£Ù…ÙŠÙ† (02318HK) Ù‡ÙŠ Ù…Ø¬Ù…ÙˆØ¹Ø© Ø±Ø§Ø¦Ø¯Ø© ÙÙŠ Ù…Ø¬Ø§Ù„ Ø§Ù„Ø®Ø¯Ù…Ø§Øª Ø§Ù„Ù…Ø§Ù„ÙŠØ© Ø§Ù„Ù…ØªÙƒØ§Ù…Ù„Ø© ÙÙŠ Ø§Ù„ØµÙŠÙ†ØŒ ØªØºØ·ÙŠ Ø£Ø¹Ù…Ø§Ù„Ù‡Ø§ Ù‚Ø·Ø§Ø¹Ø§Øª Ø§Ù„ØªØ£Ù…ÙŠÙ† ÙˆØ§Ù„Ø®Ø¯Ù…Ø§Øª Ø§Ù„Ù…ØµØ±ÙÙŠØ© ÙˆØ§Ù„Ø§Ø³ØªØ«Ù…Ø§Ø±. ÙˆÙ‡ÙŠ Ù…Ù†Ø§Ø³Ø¨Ø© Ù„Ù…Ø¬Ù…ÙˆØ¹Ø© ÙˆØ§Ø³Ø¹Ø© Ù…Ù† Ø§Ù„Ù…Ø³ØªØ«Ù…Ø±ÙŠÙ†.,2025-10-30T08:44:16Z,0,False,0,0.0,0,-1,0,Casual Viewer,23
UgzDzdSK6Pi7pL4cYbR4AaABAg,PHe0bXAIuk0,UChrJbgWl8nW_vCx1hUFa7vQ,@meryamajjarkou3328,Ø´Ø±ÙƒØ© Ø¨ÙŠÙ†Øº Ø¢Ù† Ù„Ù„ØªØ£Ù…ÙŠÙ† (02318HK) Ù‡ÙŠ Ù…Ø¬Ù…ÙˆØ¹Ø© Ø±Ø§Ø¦Ø¯Ø© ÙÙŠ Ù…Ø¬Ø§Ù„ Ø§Ù„Ø®Ø¯Ù…Ø§Øª Ø§Ù„Ù…Ø§Ù„ÙŠØ© Ø§Ù„Ù…ØªÙƒØ§Ù…Ù„Ø© ÙÙŠ Ø§Ù„ØµÙŠÙ†ØŒ ØªØºØ·ÙŠ Ø£Ø¹Ù…Ø§Ù„Ù‡Ø§ Ù‚Ø·Ø§Ø¹Ø§Øª Ø§Ù„ØªØ£Ù…ÙŠÙ† ÙˆØ§Ù„Ø®Ø¯Ù…Ø§Øª Ø§Ù„Ù…ØµØ±ÙÙŠØ© ÙˆØ§Ù„Ø§Ø³ØªØ«Ù…Ø§Ø±. ÙˆÙ‡ÙŠ Ù…Ù†Ø§Ø³Ø¨Ø© Ù„Ù…Ø¬Ù…ÙˆØ¹Ø© ÙˆØ§Ø³Ø¹Ø© Ù…Ù† Ø§Ù„Ù…Ø³ØªØ«Ù…Ø±ÙŠÙ†.,2025-10-30T08:43:20Z,0,False,0,0.0,0,-1,0,Casual Viewer,23
UgygIm1fQ24qsT6UBPB4AaABAg,PHe0bXAIuk0,UCyj-U2Da3F_fP1YpK-eUosg,@rozannaqawah8047,Ø´Ø±ÙƒØ© Ø¨ÙŠÙ†Øº Ø¢Ù† Ù„Ù„ØªØ£Ù…ÙŠÙ† (02318HK) Ù‡ÙŠ Ù…Ø¬Ù…ÙˆØ¹Ø© Ø±Ø§Ø¦Ø¯Ø© ÙÙŠ Ù…Ø¬Ø§Ù„ Ø§Ù„Ø®Ø¯Ù…Ø§Øª Ø§Ù„Ù…Ø§Ù„ÙŠØ© Ø§Ù„Ù…ØªÙƒØ§Ù…Ù„Ø© ÙÙŠ Ø§Ù„ØµÙŠÙ†ØŒ ØªØºØ·ÙŠ Ø£Ø¹Ù…Ø§Ù„Ù‡Ø§ Ù‚Ø·Ø§Ø¹Ø§Øª Ø§Ù„ØªØ£Ù…ÙŠÙ† ÙˆØ§Ù„Ø®Ø¯Ù…Ø§Øª Ø§Ù„Ù…ØµØ±ÙÙŠØ© ÙˆØ§Ù„Ø§Ø³ØªØ«Ù…Ø§Ø±. ÙˆÙ‡ÙŠ Ù…Ù†Ø§Ø³Ø¨Ø© Ù„Ù…Ø¬Ù…ÙˆØ¹Ø© ÙˆØ§Ø³Ø¹Ø© Ù…Ù† Ø§Ù„Ù…Ø³ØªØ«Ù…Ø±ÙŠÙ†.,2025-10-30T08:41:58Z,0,False,0,0.0,0,-1,0,Casual Viewer,23
UgzZFT1jjvHM4SkTxZZ4AaABAg,PHe0bXAIuk0,UCFxhFhmGko_7KtErIoruaTw,@RoseNaq,Ø´Ø±ÙƒØ© Ø¨ÙŠÙ†Øº Ø¢Ù† Ù„Ù„ØªØ£Ù…ÙŠÙ† (02318HK) Ù‡ÙŠ Ù…Ø¬Ù…ÙˆØ¹Ø© Ø±Ø§Ø¦Ø¯Ø© ÙÙŠ Ù…Ø¬Ø§Ù„ Ø§Ù„Ø®Ø¯Ù…Ø§Øª Ø§Ù„Ù…Ø§Ù„ÙŠØ© Ø§Ù„Ù…ØªÙƒØ§Ù…Ù„Ø© ÙÙŠ Ø§Ù„ØµÙŠÙ†ØŒ ØªØºØ·ÙŠ Ø£Ø¹Ù…Ø§Ù„Ù‡Ø§ Ù‚Ø·Ø§Ø¹Ø§Øª Ø§Ù„ØªØ£Ù…ÙŠÙ† ÙˆØ§Ù„Ø®Ø¯Ù…Ø§Øª Ø§Ù„Ù…ØµØ±ÙÙŠØ© ÙˆØ§Ù„Ø§Ø³ØªØ«Ù…Ø§Ø±. ÙˆÙ‡ÙŠ Ù…Ù†Ø§Ø³Ø¨Ø© Ù„Ù…Ø¬Ù…ÙˆØ¹Ø© ÙˆØ§Ø³Ø¹Ø© Ù…Ù† Ø§Ù„Ù…Ø³ØªØ«Ù…Ø±ÙŠÙ†.,2025-10-30T08:40:50Z,0,False,0,0.0,0,-1,0,Casual Viewer,23
UgygrYRUQwZgD2eu0e94AaABAg,PHe0bXAIuk0,UCsix1T0TVwAZpyk17GdH94Q,@TamaraMobile-jp1nj,Ø´Ø±ÙƒØ© Ø¨ÙŠÙ†Øº Ø¢Ù† Ù„Ù„ØªØ£Ù…ÙŠÙ† (02318HK) Ù‡ÙŠ Ù…Ø¬Ù…ÙˆØ¹Ø© Ø±Ø§Ø¦Ø¯Ø© ÙÙŠ Ù…Ø¬Ø§Ù„ Ø§Ù„Ø®Ø¯Ù…Ø§Øª Ø§Ù„Ù…Ø§Ù„ÙŠØ© Ø§Ù„Ù…ØªÙƒØ§Ù…Ù„Ø© ÙÙŠ Ø§Ù„ØµÙŠÙ†ØŒ ØªØºØ·ÙŠ Ø£Ø¹Ù…Ø§Ù„Ù‡Ø§ Ù‚Ø·Ø§Ø¹Ø§Øª Ø§Ù„ØªØ£Ù…ÙŠÙ† ÙˆØ§Ù„Ø®Ø¯Ù…Ø§Øª Ø§Ù„Ù…ØµØ±ÙÙŠØ© ÙˆØ§Ù„Ø§Ø³ØªØ«Ù…Ø§Ø±. ÙˆÙ‡ÙŠ Ù…Ù†Ø§Ø³Ø¨Ø© Ù„Ù…Ø¬Ù…ÙˆØ¹Ø© ÙˆØ§Ø³Ø¹Ø© Ù…Ù† Ø§Ù„Ù…Ø³ØªØ«Ù…Ø±ÙŠÙ†.,2025-10-30T08:38:44Z,0,False,0,0.0,0,-1,0,Casual Viewer,23
UgwukmVsE-RScuVAe694AaABAg,PHe0bXAIuk0,UC_mf-E4RTAl7CnGxG99tU2g,@Reymen_MC,"Ping An Insurance (02318HK) is a leading integrated financial services group in China, with businesses covering insurance, banking, and investment. Suitable for a wide range of investors.",2025-10-30T08:36:32Z,0,False,0,0.0,0,-1,0,Casual Viewer,24
UgzBdWVE2l69-uy1nEF4AaABAg,PHe0bXAIuk0,UCX7XvnTzWJbT-ILWtmZxrEg,@mohamedderbala4214,Ø´Ø±ÙƒØ© Ø¨ÙŠÙ†Øº Ø¢Ù† Ù„Ù„ØªØ£Ù…ÙŠÙ† (02318HK) Ù‡ÙŠ Ù…Ø¬Ù…ÙˆØ¹Ø© Ø±Ø§Ø¦Ø¯Ø© ÙÙŠ Ù…Ø¬Ø§Ù„ Ø§Ù„Ø®Ø¯Ù…Ø§Øª Ø§Ù„Ù…Ø§Ù„ÙŠØ© Ø§Ù„Ù…ØªÙƒØ§Ù…Ù„Ø© ÙÙŠ Ø§Ù„ØµÙŠÙ†ØŒ ØªØºØ·ÙŠ Ø£Ø¹Ù…Ø§Ù„Ù‡Ø§ Ù‚Ø·Ø§Ø¹Ø§Øª Ø§Ù„ØªØ£Ù…ÙŠÙ† ÙˆØ§Ù„Ø®Ø¯Ù…Ø§Øª Ø§Ù„Ù…ØµØ±ÙÙŠØ© ÙˆØ§Ù„Ø§Ø³ØªØ«Ù…Ø§Ø±. ÙˆÙ‡ÙŠ Ù…Ù†Ø§Ø³Ø¨Ø© Ù„Ù…Ø¬Ù…ÙˆØ¹Ø© ÙˆØ§Ø³Ø¹Ø© Ù…Ù† Ø§Ù„Ù…Ø³ØªØ«Ù…Ø±ÙŠÙ†.,2025-10-30T08:36:12Z,0,False,0,0.0,0,-1,0,Casual Viewer,24
UgxIbNAs4iRvYz16LCx4AaABAg,PHe0bXAIuk0,UCvhgdBNRD88JZnUMp08Bo3A,@MRALItube55,Ø´Ø±ÙƒØ© Ø¨ÙŠÙ†Øº Ø¢Ù† Ù„Ù„ØªØ£Ù…ÙŠÙ† (02318HK) Ù‡ÙŠ Ù…Ø¬Ù…ÙˆØ¹Ø© Ø±Ø§Ø¦Ø¯Ø© ÙÙŠ Ù…Ø¬Ø§Ù„ Ø§Ù„Ø®Ø¯Ù…Ø§Øª Ø§Ù„Ù…Ø§Ù„ÙŠØ© Ø§Ù„Ù…ØªÙƒØ§Ù…Ù„Ø© ÙÙŠ Ø§Ù„ØµÙŠÙ†ØŒ ØªØºØ·ÙŠ Ø£Ø¹Ù…Ø§Ù„Ù‡Ø§ Ù‚Ø·Ø§Ø¹Ø§Øª Ø§Ù„ØªØ£Ù…ÙŠÙ† ÙˆØ§Ù„Ø®Ø¯Ù…Ø§Øª Ø§Ù„Ù…ØµØ±ÙÙŠØ© ÙˆØ§Ù„Ø§Ø³ØªØ«Ù…Ø§Ø±. ÙˆÙ‡ÙŠ Ù…Ù†Ø§Ø³Ø¨Ø© Ù„Ù…Ø¬Ù…ÙˆØ¹Ø© ÙˆØ§Ø³Ø¹Ø© Ù…Ù† Ø§Ù„Ù…Ø³ØªØ«Ù…Ø±ÙŠÙ†.,2025-10-30T08:32:22Z,0,False,0,0.0,0,-1,0,Casual Viewer,24
UgytMpp2YS8vpoKfhd14AaABAg,PHe0bXAIuk0,UC4q0g6aWNQqCRhSM7a3rC1A,@Emad-f4q,Ø´Ø±ÙƒØ© Ø¨ÙŠÙ†Øº Ø¢Ù† Ù„Ù„ØªØ£Ù…ÙŠÙ† (02318HK) Ù‡ÙŠ Ù…Ø¬Ù…ÙˆØ¹Ø© Ø±Ø§Ø¦Ø¯Ø© ÙÙŠ Ù…Ø¬Ø§Ù„ Ø§Ù„Ø®Ø¯Ù…Ø§Øª Ø§Ù„Ù…Ø§Ù„ÙŠØ© Ø§Ù„Ù…ØªÙƒØ§Ù…Ù„Ø© ÙÙŠ Ø§Ù„ØµÙŠÙ†ØŒ ØªØºØ·ÙŠ Ø£Ø¹Ù…Ø§Ù„Ù‡Ø§ Ù‚Ø·Ø§Ø¹Ø§Øª Ø§Ù„ØªØ£Ù…ÙŠÙ† ÙˆØ§Ù„Ø®Ø¯Ù…Ø§Øª Ø§Ù„Ù…ØµØ±ÙÙŠØ© ÙˆØ§Ù„Ø§Ø³ØªØ«Ù…Ø§Ø±. ÙˆÙ‡ÙŠ Ù…Ù†Ø§Ø³Ø¨Ø© Ù„Ù…Ø¬Ù…ÙˆØ¹Ø© ÙˆØ§Ø³Ø¹Ø© Ù…Ù† Ø§Ù„Ù…Ø³ØªØ«Ù…Ø±ÙŠÙ†,2025-10-30T08:30:41Z,0,False,0,0.0,0,-1,0,Casual Viewer,24
UgxwOcQ_9JkTFvrbwZJ4AaABAg,PHe0bXAIuk0,UC3W8nGDXY8dJGbyLqKYlHJw,@ibrahimabdelaziz4436,Ø´Ø±ÙƒØ© Ø¨ÙŠÙ†Øº Ø¢Ù† Ù„Ù„ØªØ£Ù…ÙŠÙ† (H.K02318)Ù‡Ù‰ Ù…Ø¬Ù…ÙˆØ¹Ø© Ø±Ø§Ø¦Ø¯Ø© ÙÙŠ Ù…Ø¬Ø§Ù„ Ø§Ù„Ø®Ø¯Ù…Ø§Øª Ø§Ù„Ù…Ø§Ù„ÙŠØ© Ø§Ù„Ù…ØªÙƒØ§Ù…Ù„Ø© ÙÙŠ Ø§Ù„ØµÙŠÙ† ØªØºØ·Ù‰ Ø£Ø¹Ù…Ø§Ù„Ù‡Ø§ Ù‚Ø·Ø§Ø¹Ø§Øª Ø§Ù„ØªØ£Ù…ÙŠÙ† ÙˆØ§Ù„Ø®Ø¯Ù…Ø§Øª Ø§Ù„Ù…ØµØ±ÙÙŠÙ‡ ÙˆØ§Ù„Ø§Ø³ØªØ«Ù…Ø§Ø± ÙˆÙ‡Ù‰ Ù…Ù†Ø§Ø³Ø¨Ø© Ù„Ù…Ø¬Ù…ÙˆØ¹Ø© ÙˆØ§Ø³Ø¹Ø© Ù…Ù† Ø§Ù„Ù…Ø³ØªØ«Ù…Ø±ÙŠÙ†,2025-10-30T08:28:37Z,0,False,0,0.0,0,-1,0,Casual Viewer,24
UgztVi2Flej0TSZwhBF4AaABAg,PHe0bXAIuk0,UCFBNnuZLsnxJJk7dzROmi1Q,@sanjilufi,"Ping An Insurance (02318HK) is a leading integrated financial services group in China, with businesses covering insurance, banking, and investment. Suitable for a wide range of investors.",2025-10-30T08:22:50Z,0,False,0,0.0,0,-1,0,Casual Viewer,24
UgxgQT2tne1q6qKaOzt4AaABAg,PHe0bXAIuk0,UCTAtHreAn1dMGzJ6mwzln9Q,@AflaStof,"Ping An Insurance (02318HK) is a leading integrated financial services group in China, with businesses covering insurance, banking, and investment. Suitable for a wide range of investors.",2025-10-30T08:19:38Z,0,False,0,0.0,0,-1,0,Casual Viewer,24
UgzW3N_0g_BUrJFIuON4AaABAg,PHe0bXAIuk0,UCnmuV6Y1g9SZV_zUjqMG8VQ,@shabanhammad20,Ø´Ø±ÙƒØ© Ø¨ÙŠÙ†Øº Ø¢Ù† Ù„Ù„ØªØ£Ù…ÙŠÙ† (02318HK) Ù‡ÙŠ Ù…Ø¬Ù…ÙˆØ¹Ø© Ø±Ø§Ø¦Ø¯Ø© ÙÙŠ Ù…Ø¬Ø§Ù„ Ø§Ù„Ø®Ø¯Ù…Ø§Øª Ø§Ù„Ù…Ø§Ù„ÙŠØ© Ø§Ù„Ù…ØªÙƒØ§Ù…Ù„Ø© ÙÙŠ Ø§Ù„ØµÙŠÙ†ØŒ ØªØºØ·ÙŠ Ø£Ø¹Ù…Ø§Ù„Ù‡Ø§ Ù‚Ø·Ø§Ø¹Ø§Øª Ø§Ù„ØªØ£Ù…ÙŠÙ† ÙˆØ§Ù„Ø®Ø¯Ù…Ø§Øª Ø§Ù„Ù…ØµØ±ÙÙŠØ© ÙˆØ§Ù„Ø§Ø³ØªØ«Ù…Ø§Ø±. ÙˆÙ‡ÙŠ Ù…Ù†Ø§Ø³Ø¨Ø© Ù„Ù…Ø¬Ù…ÙˆØ¹Ø© ÙˆØ§Ø³Ø¹Ø© Ù…Ù† Ø§Ù„Ù…Ø³ØªØ«Ù…Ø±ÙŠÙ†.,2025-10-30T08:18:25Z,0,False,0,0.0,0,-1,0,Casual Viewer,25
UgzurN_ZW_GhIx-DogF4AaABAg,PHe0bXAIuk0,UC4hGaYuoLTpxH5XPTqLrZUg,@chamschomos,Ø´Ø±ÙƒØ© Ø¨ÙŠÙ†Øº Ø¢Ù† Ù„Ù„ØªØ£Ù…ÙŠÙ† (02318HK) Ù‡ÙŠ Ù…Ø¬Ù…ÙˆØ¹Ø© Ø±Ø§Ø¦Ø¯Ø© ÙÙŠ Ù…Ø¬Ø§Ù„ Ø§Ù„Ø®Ø¯Ù…Ø§Øª Ø§Ù„Ù…Ø§Ù„ÙŠØ© Ø§Ù„Ù…ØªÙƒØ§Ù…Ù„Ø© ÙÙŠ Ø§Ù„ØµÙŠÙ†ØŒ ØªØºØ·ÙŠ Ø£Ø¹Ù…Ø§Ù„Ù‡Ø§ Ù‚Ø·Ø§Ø¹Ø§Øª Ø§Ù„ØªØ£Ù…ÙŠÙ† ÙˆØ§Ù„Ø®Ø¯Ù…Ø§Øª Ø§Ù„Ù…ØµØ±ÙÙŠØ© ÙˆØ§Ù„Ø§Ø³ØªØ«Ù…Ø§Ø±. ÙˆÙ‡ÙŠ Ù…Ù†Ø§Ø³Ø¨Ø© Ù„Ù…Ø¬Ù…ÙˆØ¹Ø© ÙˆØ§Ø³Ø¹Ø© Ù…Ù† Ø§Ù„Ù…Ø³ØªØ«Ù…Ø±ÙŠÙ†.,2025-10-30T08:17:23Z,0,False,0,0.0,0,-1,0,Casual Viewer,25
UgzY3TnWf8HXjFIg64d4AaABAg,PHe0bXAIuk0,UC4jVS-fofTkhPulqA175VmA,@mustafakhalile83,Ø´Ø±ÙƒØ© Ø¨ÙŠÙ†Øº Ø¢Ù† Ù„Ù„ØªØ£Ù…ÙŠÙ† (02318HK) Ù‡ÙŠ Ù…Ø¬Ù…ÙˆØ¹Ø© Ø±Ø§Ø¦Ø¯Ø© ÙÙŠ Ù…Ø¬Ø§Ù„ Ø§Ù„Ø®Ø¯Ù…Ø§Øª Ø§Ù„Ù…Ø§Ù„ÙŠØ© Ø§Ù„Ù…ØªÙƒØ§Ù…Ù„Ø© ÙÙŠ Ø§Ù„ØµÙŠÙ†ØŒ ØªØºØ·ÙŠ Ø£Ø¹Ù…Ø§Ù„Ù‡Ø§ Ù‚Ø·Ø§Ø¹Ø§Øª Ø§Ù„ØªØ£Ù…ÙŠÙ† ÙˆØ§Ù„Ø®Ø¯Ù…Ø§Øª Ø§Ù„Ù…ØµØ±ÙÙŠØ© ÙˆØ§Ù„Ø§Ø³ØªØ«Ù…Ø§Ø±. ÙˆÙ‡ÙŠ Ù…Ù†Ø§Ø³Ø¨Ø© Ù„Ù…Ø¬Ù…ÙˆØ¹Ø© ÙˆØ§Ø³Ø¹Ø© Ù…Ù† Ø§Ù„Ù…Ø³ØªØ«Ù…Ø±ÙŠÙ†.,2025-10-30T08:17:08Z,0,False,0,0.0,0,-1,0,Casual Viewer,25
UgybN-digzjr0eV5Aft4AaABAg,PHe0bXAIuk0,UCkQVagdEoZYReqgEWtGp3_Q,@AbdellahElhamzaouy,"Ping An Insurance (02318HK) is a leading integrated financial services group in China, with businesses covering insurance, banking, and investment. Suitable for a wide range of investors.",2025-10-30T08:02:49Z,0,False,0,0.0,0,-1,0,Casual Viewer,25
UgyxucJN_jfp88SeFOx4AaABAg,PHe0bXAIuk0,UCli9d-HJhAhivwwYzQ7vfTA,@MahmoudFarouk-r8p,Ø´Ø±ÙƒØ© Ø¨ÙŠÙ†Øº Ø¢Ù† Ù„Ù„ØªØ£Ù…ÙŠÙ† (02318HK) Ù‡ÙŠ Ù…Ø¬Ù…ÙˆØ¹Ø© Ø±Ø§Ø¦Ø¯Ø© ÙÙŠ Ù…Ø¬Ø§Ù„ Ø§Ù„Ø®Ø¯Ù…Ø§Øª Ø§Ù„Ù…Ø§Ù„ÙŠØ© Ø§Ù„Ù…ØªÙƒØ§Ù…Ù„Ø© ÙÙŠ Ø§Ù„ØµÙŠÙ†ØŒ ØªØºØ·ÙŠ Ø£Ø¹Ù…Ø§Ù„Ù‡Ø§ Ù‚Ø·Ø§Ø¹Ø§Øª Ø§Ù„ØªØ£Ù…ÙŠÙ† ÙˆØ§Ù„Ø®Ø¯Ù…Ø§Øª Ø§Ù„Ù…ØµØ±ÙÙŠØ© ÙˆØ§Ù„Ø§Ø³ØªØ«Ù…Ø§Ø±. ÙˆÙ‡ÙŠ Ù…Ù†Ø§Ø³Ø¨Ø© Ù„Ù…Ø¬Ù…ÙˆØ¹Ø© ÙˆØ§Ø³Ø¹Ø© Ù…Ù† Ø§Ù„Ù…Ø³ØªØ«Ù…Ø±ÙŠÙ†.,2025-10-30T07:51:25Z,0,False,0,0.0,0,-1,0,Casual Viewer,25
UgxmHk-HmQdKgJgifex4AaABAg,PHe0bXAIuk0,UC4BUS_ptRtBfyw3tImZnH8Q,@MoustafaMchich,Ø´Ø±ÙƒØ© Ø¨ÙŠÙ†Øº Ø¢Ù† Ù„Ù„ØªØ£Ù…ÙŠÙ† (02318HK) Ù‡ÙŠ Ù…Ø¬Ù…ÙˆØ¹Ø© Ø±Ø§Ø¦Ø¯Ø© ÙÙŠ Ù…Ø¬Ø§Ù„ Ø§Ù„Ø®Ø¯Ù…Ø§Øª Ø§Ù„Ù…Ø§Ù„ÙŠØ© Ø§Ù„Ù…ØªÙƒØ§Ù…Ù„Ø© ÙÙŠ Ø§Ù„ØµÙŠÙ†ØŒ ØªØºØ·ÙŠ Ø£Ø¹Ù…Ø§Ù„Ù‡Ø§ Ù‚Ø·Ø§Ø¹Ø§Øª Ø§Ù„ØªØ£Ù…ÙŠÙ† ÙˆØ§Ù„Ø®Ø¯Ù…Ø§Øª Ø§Ù„Ù…ØµØ±ÙÙŠØ© ÙˆØ§Ù„Ø§Ø³ØªØ«Ù…Ø§Ø±. ÙˆÙ‡ÙŠ Ù…Ù†Ø§Ø³Ø¨Ø© Ù„Ù…Ø¬Ù…ÙˆØ¹Ø© ÙˆØ§Ø³Ø¹Ø© Ù…Ù† Ø§Ù„Ù…Ø³ØªØ«Ù…Ø±ÙŠÙ†.,2025-10-30T07:50:30Z,0,False,0,0.0,0,-1,0,Casual Viewer,25
UgwX47QmFW-fw59bvp94AaABAg,PHe0bXAIuk0,UCZwGDYYqG4Yz4PWQMs5J6-w,@BesooBeso-s5f,Ø´Ø±ÙƒØ© Ø¨ÙŠÙ†Øº Ø¢Ù† Ù„Ù„ØªØ£Ù…ÙŠÙ† (02318HK) Ù‡ÙŠ Ù…Ø¬Ù…ÙˆØ¹Ø© Ø±Ø§Ø¦Ø¯Ø© ÙÙŠ Ù…Ø¬Ø§Ù„ Ø§Ù„Ø®Ø¯Ù…Ø§Øª Ø§Ù„Ù…Ø§Ù„ÙŠØ© Ø§Ù„Ù…ØªÙƒØ§Ù…Ù„Ø© ÙÙŠ Ø§Ù„ØµÙŠÙ†ØŒ ØªØºØ·ÙŠ Ø£Ø¹Ù…Ø§Ù„Ù‡Ø§ Ù‚Ø·Ø§Ø¹Ø§Øª Ø§Ù„ØªØ£Ù…ÙŠÙ† ÙˆØ§Ù„Ø®Ø¯Ù…Ø§Øª Ø§Ù„Ù…ØµØ±ÙÙŠØ© ÙˆØ§Ù„Ø§Ø³ØªØ«Ù…Ø§Ø±. ÙˆÙ‡ÙŠ Ù…Ù†Ø§Ø³Ø¨Ø© Ù„Ù…Ø¬Ù…ÙˆØ¹Ø© ÙˆØ§Ø³Ø¹Ø© Ù…Ù† Ø§Ù„Ù…Ø³ØªØ«Ù…Ø±ÙŠÙ†.,2025-10-30T07:48:25Z,0,False,0,0.0,0,-1,0,Casual Viewer,25
Ugz31mSITWzYfSUz3O14AaABAg,PHe0bXAIuk0,UC1xA5PEJjnuKxVaPSnmYqGw,@AyoubLabidi-b5x2j,Ø´Ø±ÙƒØ© Ø¨ÙŠÙ†Øº Ø¢Ù† Ù„Ù„ØªØ£Ù…ÙŠÙ† (02318HK) Ù‡ÙŠ Ù…Ø¬Ù…ÙˆØ¹Ø© Ø±Ø§Ø¦Ø¯Ø© ÙÙŠ Ù…Ø¬Ø§Ù„ Ø§Ù„Ø®Ø¯Ù…Ø§Øª Ø§Ù„Ù…Ø§Ù„ÙŠØ© Ø§Ù„Ù…ØªÙƒØ§Ù…Ù„Ø© ÙÙŠ Ø§Ù„ØµÙŠÙ†ØŒ ØªØºØ·ÙŠ Ø£Ø¹Ù…Ø§Ù„Ù‡Ø§ Ù‚Ø·Ø§Ø¹Ø§Øª Ø§Ù„ØªØ£Ù…ÙŠÙ† ÙˆØ§Ù„Ø®Ø¯Ù…Ø§Øª Ø§Ù„Ù…ØµØ±ÙÙŠØ© ÙˆØ§Ù„Ø§Ø³ØªØ«Ù…Ø§Ø±. ÙˆÙ‡ÙŠ Ù…Ù†Ø§Ø³Ø¨Ø© Ù„Ù…Ø¬Ù…ÙˆØ¹Ø© ÙˆØ§Ø³Ø¹Ø© Ù…Ù† Ø§Ù„Ù…Ø³ØªØ«Ù…Ø±ÙŠÙ†.,2025-10-30T07:39:47Z,0,False,0,0.0,0,-1,0,Casual Viewer,27
Ugxb9rjEvjwzhMSCLKl4AaABAg,PHe0bXAIuk0,UCFcG0ol3AV0IhiSeFtOQH0w,@grindsetero44,Uy no lo vÃ­...,2025-10-29T11:58:55Z,2,False,2,-0.296,-1,-1,2,Casual Viewer,27
Ugxb9rjEvjwzhMSCLKl4AaABAg.AOrbpymoc7ZAOrbs6WBoh1,PHe0bXAIuk0,UCFcG0ol3AV0IhiSeFtOQH0w,@grindsetero44,ğŸ˜‚,2025-10-29T11:59:12Z,0,True,0,0.4404,1,-1,2,Casual Viewer,27
Ugxb9rjEvjwzhMSCLKl4AaABAg.AOrbpymoc7ZAOrcAgOIgHK,PHe0bXAIuk0,UCNJPRtc1YT6vV0LCV5-3M6w,@santimatz,LMFAO,2025-10-29T12:01:52Z,0,True,0,0.5423,1,-1,2,Casual Viewer,27
UgyKHTW_d0pAhJbZKAh4AaABAg,PHe0bXAIuk0,UCE6zBbtV4p2ohRZP6S0eJ8w,@mrcoolthehacker8256,"I was watching something,  Ad appear i was watching 30 min ad",2025-10-29T09:55:05Z,0,False,0,0.0,0,-1,3,Casual Viewer,27
UgwelO_kSboDaIHuF9V4AaABAg,PHe0bXAIuk0,UCHJHpiqIafm3IsEze0zfgeg,@snizhanaosypenko1369,Fantastic explanation! Thank you!,2025-10-27T22:31:07Z,0,False,0,0.7707,1,-1,3,Casual Viewer,29
UgzQitN4j0cbSnJc6Vh4AaABAg,PHe0bXAIuk0,UCvMyHOmjEwwPkVz6y02969g,@JerickChen-d4,Cash exchanges will make the world go round,2025-10-27T22:18:15Z,0,False,0,0.0,0,-1,3,Casual Viewer,29
UgxiA986m79WHoxYYVl4AaABAg,PHe0bXAIuk0,UCDMk-5QQyfSkn502akP6aJA,@francoistm,I wonder how much effects an industrial revolution could have on this cycle,2025-10-26T10:33:21Z,0,False,0,0.0,0,-1,3,Casual Viewer,29
UgylXBhoPH3oL1W1WnN4AaABAg,PHe0bXAIuk0,UCqzFs0h4HYG24DykIj_8O0A,@nashit_hasan_fitness,Amazing video,2025-10-25T15:18:06Z,0,False,0,0.5859,1,-1,3,Casual Viewer,29
Ugxmr3g1g8dKHUVcxnV4AaABAg,PHe0bXAIuk0,UC_3FZXHIRa1gs3vmOiqZZEw,@notyourhomboi,"At current stage, where are we at the curve of longterm debt cycle",2025-10-25T06:53:42Z,0,False,0,-0.3612,-1,-1,3,Casual Viewer,29
Ugx-koy64oKdNOzVb9V4AaABAg,PHe0bXAIuk0,UCWcTzH9R2tZ1eh5HVoV4d9w,@ogaquora,Wow this is the best YouTube channels,2025-10-24T23:55:31Z,0,False,0,0.8402,1,-1,3,Casual Viewer,29
UgwUUZqJyr-H1qgRAI14AaABAg,PHe0bXAIuk0,UCQHv5h9ST8PS5-eDHsAD6-w,@NaoufalMaruan-f9k,The question is why doesn't work,2025-10-24T23:03:43Z,0,False,0,0.0,0,-1,3,Casual Viewer,30
UgzfSJTECDFtZpJ83l54AaABAg,PHe0bXAIuk0,UCw5BxMvPDjfrxpQZOpHaIkg,@kakanyerodeogratious580,Still the greatest video on YouTube,2025-10-24T08:22:51Z,0,False,0,0.6369,1,-1,3,Casual Viewer,30
UgzZYAX4VsyknEERBhZ4AaABAg,PHe0bXAIuk0,UCgcTsFEOGtrTVjCfHsbOjwg,@ThomasNarvaez-f4l,Youâ€™re amazing â¤,2025-10-23T19:48:22Z,0,False,0,0.8402,1,-1,3,Casual Viewer,30
UgxJKNzb8RyoWxiquiF4AaABAg,PHe0bXAIuk0,UCGGjvFCoZv_KBrZcc164tZg,@shanakajayalath3026,"00:00 Introduction
00:55 The Three Main Economic Forces
01:13 Transactions
03:29 Credit
06:00 The Short Term Debt Cycle
12:00 The Long Term Debt Cycle
16:48 Deleveraging
19:20 The Four Ways to Reduce Debt
26:14 A Beautiful Deleveraging
30:03 Three Rules of Thumb",2025-10-23T19:09:05Z,0,False,0,0.0,0,-1,0,Casual Viewer,30
UgxIjolajR9D1S17khd4AaABAg,PHe0bXAIuk0,UCmAYvx6JPHuXF1fVi6i-OlA,@Life_with_Darnell,Whoâ€™s watching this in 2030 ğŸ˜…?,2025-10-23T11:10:03Z,1,False,0,0.3612,1,-1,3,Casual Viewer,30
UgyLzi3EAWIz5ACcPYB4AaABAg,PHe0bXAIuk0,UCIX-hiYQRZNPVbZc74x203Q,@ì¡°ìš©ê·œ-o3e,26:29,2025-10-23T02:12:20Z,0,False,0,0.0,0,-1,3,Casual Viewer,30
UgzPaqD1U4xuxsunvLJ4AaABAg,PHe0bXAIuk0,UCX-3LRtmersYc_Jv824Z5oQ,@MrGaliho,"Ekonomi membentuk cycle karena ada kredit dan bayar, 
kredit menciptakan pertumbuhan 
tapi klo yang kredit dikit  (mgkn pas bayar) perlambatan ekonomi , karena siklus tadi maka selalu ada fase tumbuh dan fase perlambatan ekonomi 

pantes pak pur selalu liat tahun2 untuk menggambarkan pertumbuhan beberapa tahun mendatang dan kebelakang,  apa gara2 ini jg ya. omg non economy mencoba mempelajari ini seru jg tapi gatau bener apa ga. klo ada yang tau saya dikasih tau donk",2025-10-22T05:17:15Z,0,False,0,0.0,0,-1,0,Casual Viewer,32
Ugy61mshI3yeTBJkT1N4AaABAg,PHe0bXAIuk0,UCC4iTQKqpwbKBqVVjpBJDgA,@nobodyI369,Where is USA and India now?,2025-10-21T16:42:56Z,0,False,1,0.0,0,-1,3,Casual Viewer,32
Ugy61mshI3yeTBJkT1N4AaABAg.AOYWzHZza1LAOoKCVCRT9f,PHe0bXAIuk0,UCRc8CLbSd0llI8CejVm2HRQ,@neurodivtries4101,India? Wut?,2025-10-28T05:18:22Z,0,True,0,0.0,0,-1,2,Casual Viewer,27
UgyNUy1qlAbEjy1r_BZ4AaABAg,PHe0bXAIuk0,UCy5EyRAYlWRoDchj8L4u4tg,@weidjwepidjiowendowed,so interest is bad.,2025-10-21T16:23:35Z,0,False,0,-0.1206,-1,-1,3,Casual Viewer,32
UgxnSpZu-Ot8XC02quR4AaABAg,PHe0bXAIuk0,UCZtNwuEHlXWSdUEu2nPclCA,@bedynamic8038,"Feeling good to have finally given up doomscrolling to 
learn something actually useful",2025-10-21T12:58:20Z,3,False,0,0.743,1,-1,3,Casual Viewer,32
UgxkKE5T9kZseXduJ8Z4AaABAg,PHe0bXAIuk0,UCxp5DlDCJgpiO2xumhA0UDw,@nguyentrinh793,Thanks to Beloved Sir and Master for the lecture,2025-10-20T08:46:30Z,0,False,0,0.7351,1,-1,3,Casual Viewer,34
UgzXXHXsWBpNb5iy6C94AaABAg,PHe0bXAIuk0,UCWKKF3uJHDAbBW4OOWT99lQ,@CryptSphereDaily,Something about this doesnâ€™t resonate. I explored it with more depth on my platform.,2025-10-19T20:58:36Z,0,False,0,0.0,0,-1,3,Casual Viewer,34
UgxVTsM-8sJKJyBfy6N4AaABAg,PHe0bXAIuk0,UCz0n12YYzYRA4T2R3kTdFSw,@helenh6636,Who is watching in 2025,2025-10-19T09:04:06Z,0,False,0,0.0,0,-1,3,Casual Viewer,34
UgzBcOWgR4oHQ8D_wl94AaABAg,PHe0bXAIuk0,UC0WxgeqTJKR_Mg6ZJl4W4HA,@DavidLockett-x4b,"It is probably good that most of us do not understand how money either works, or does not work.",2025-10-18T13:39:40Z,0,False,0,0.4404,1,-1,3,Casual Viewer,35
UgwTjHJgpTiWrOgKCqV4AaABAg,PHe0bXAIuk0,UCUyZUmXqAtvtruWWhw7nLzw,@Eva23563,Nice ğŸ™‚ğŸ™‚ğŸ™‚ğŸ™‚ğŸ™‚ğŸ™‚,2025-10-18T09:49:19Z,0,False,0,0.952,1,-1,3,Casual Viewer,35
UgxxegjOLPEjI9HO5kF4AaABAg,PHe0bXAIuk0,UCSK6MeHxtCoZzt4eozixVYQ,@SunitaSharma-to1ph,Me watching,2025-10-17T05:13:22Z,0,False,0,0.0,0,-1,3,Casual Viewer,35
UgwYgl_Rfx0OwfrT3CJ4AaABAg,PHe0bXAIuk0,UCTeHtTukd3KNRRiX2DFnJ2Q,@ajju5450,this video makes me the money is nothing is nothing but the illusion  which drives all our lifes,2025-10-15T16:35:57Z,0,False,0,0.0,0,-1,3,Casual Viewer,35
UgwaDAuuZ45GBChX-Et4AaABAg,PHe0bXAIuk0,UC-x4Rhw86BQ2zwYOs_dAKXw,@HISOKAHISOKA-j1v,Is this video from government? It's half truth.,2025-10-15T03:45:22Z,0,False,1,0.3182,1,-1,3,Casual Viewer,38
UgwaDAuuZ45GBChX-Et4AaABAg.AOHgDsIQ93KAOJFaSofHWu,PHe0bXAIuk0,UCymzhDHcgE2LASFfjqalpqg,@andy_nvrmnd,idk but what another half about?,2025-10-15T18:22:24Z,0,True,0,-0.0516,-1,-1,2,Casual Viewer,35
UgyUYokrK47qNfrsvtB4AaABAg,PHe0bXAIuk0,UCBhwUtIsbRMijyvNUl0Kn8Q,@WilliamTarabalka-t5k,It is awesomeness.,2025-10-15T01:45:54Z,0,False,0,0.0,0,-1,3,Casual Viewer,38
UgxO0Lzb2t4rAJYDY4t4AaABAg,PHe0bXAIuk0,UC41ul-bGT9PdlEArF4AWLiQ,@blakeporush1193,You learn more about the economy in this 30 min video then in a semester of college lol,2025-10-15T00:36:50Z,0,False,0,0.4215,1,-1,3,Casual Viewer,38
Ugx_G_J-Cq8lkH7Djul4AaABAg,PHe0bXAIuk0,UCdif_ApNKk-n8tAV8y3zTEg,@heyvarsha,Jai Hind Jai Bharat Mata Ki ğŸ‡®ğŸ‡³,2025-10-14T03:00:13Z,0,False,1,0.0,0,-1,3,Casual Viewer,38
Ugx_G_J-Cq8lkH7Djul4AaABAg.AOF1GHA_j8VAORDTSY7uMb,PHe0bXAIuk0,UC4wRzMnqkzK8hgR6zxTmMCg,@sadboy-nk8bn,ğŸ’©ğŸ’© â€â€ª8:14â€¬â€,2025-10-18T20:37:45Z,0,True,0,0.0,0,-1,2,Casual Viewer,34
UgwgfSvCUSbs26XXbLh4AaABAg,PHe0bXAIuk0,UC9uaam-AClrl9LRH6aPBVbA,@íŒŒì¼ëŸ¿,"Me watching this in 2025
really good thx Ray",2025-10-12T23:50:58Z,0,False,0,0.7159,1,-1,3,Casual Viewer,39
UgxutfOZID0Lh6kLebt4AaABAg,PHe0bXAIuk0,UCMRn2_qeBU-D241T4I9h6Gw,@dr.Wario.1981,"It has been said the 1st milions hardest 2 get. But when you have 1 than its easy 2 make your money working 4 you. Is it gold, secure bonds or  an investment that doesnt go south & thats it. Its a high curve of learning 2 get that kinda money & what 2 do with it. Butt 1nce you get it its like childplay .. lol â˜ ï¸ğŸ’€â˜ ï¸",2025-10-12T21:27:02Z,0,False,0,0.9313,1,-1,0,Casual Viewer,39
UgwGdmCPTI3gPQiAMJR4AaABAg,PHe0bXAIuk0,UCyAJ_RZhbHZM6zPvDN7aAxw,@Kitsuni_uzb,So you are telling me that this video was made 12 years ago?ğŸ¤”,2025-10-12T10:41:14Z,0,False,0,0.0,0,-1,3,Casual Viewer,39
UgzINo8Xy-9zEMIrM1F4AaABAg,PHe0bXAIuk0,UC7ZXipwZKwbdz-A4YyNzLyw,@yashgarg8180,Watched it 4th time and every time I get more insights.,2025-10-12T06:45:53Z,0,False,0,0.0,0,-1,3,Casual Viewer,39
UgzHu5rlMwV_3J4pfgx4AaABAg,PHe0bXAIuk0,UCI1tpgLLYsXMAyeznv6kHHw,@bis-x3u,"From Tanmay Bhat's suggestion, anyone?",2025-10-12T06:41:36Z,0,False,0,0.0,0,-1,3,Casual Viewer,39
Ugy3Q2Wtb1SriVANDGV4AaABAg,PHe0bXAIuk0,UCSG9mJSDa9p3cjpx2QsIgbQ,@Pingui_RL,Who is there for economics class ğŸ˜‚,2025-10-10T07:39:14Z,1,False,0,0.4404,1,-1,3,Casual Viewer,41
Ugz77WlwGjFcZVFSOLR4AaABAg,PHe0bXAIuk0,UCT0h79LFLRti6bpaBvmefww,@Wealthy_Walter,what a wonderfull explanation,2025-10-10T07:08:19Z,0,False,0,0.0,0,-1,3,Casual Viewer,41
UgwnIPdchb6Kc7pCgul4AaABAg,PHe0bXAIuk0,UCTMjo5orJyfBzheyCpeN_6Q,@gautamvashishtha3923,"A question: If every long debt cycle comes with restructuring and debt cutting, arenâ€™t a lot of the debtors never really payed what theyâ€™re worth even if though thereâ€™s general expansion later? Lemme know if I missed something, thanks!",2025-10-08T22:08:18Z,0,False,0,-0.4926,-1,-1,0,Casual Viewer,41
UgxJgv8BAxzuoyzti5R4AaABAg,PHe0bXAIuk0,UCTGmJkYPU_AhpyVo73C7FZg,@parshavshah8618,"Mate, this video is so useful and timeless even in 2025 October. When I am watching it.",2025-10-08T12:11:11Z,9,False,0,0.5777,1,-1,3,Casual Viewer,41
Ugz64PHOgYP4eZWvG8t4AaABAg,PHe0bXAIuk0,UCAOQ3xYTRIB7X0WdtNzMJbA,@srf9232,One of the best videos ever created . Thanks dalio,2025-10-07T10:51:16Z,0,False,0,0.8442,1,-1,3,Casual Viewer,41
Ugx9eJBjPo-Avboa0RF4AaABAg,PHe0bXAIuk0,UC1WIPLKaeVLvT6tWRASLMUQ,@kodiakflooring6785,Donâ€™t have income rise faster than productivity; can someone break this one down. Maybe some examples thanks!!,2025-10-05T23:40:26Z,0,False,1,0.5399,1,-1,3,Casual Viewer,41
Ugx9eJBjPo-Avboa0RF4AaABAg.ANv422XmRXcAOTHMUKttGi,PHe0bXAIuk0,UCu_P1BpEsuN2xHOX1WuqOKQ,@henriksaarno1311,"If you print money everyone can have more income but you still have a limited amount of resources in the economy, thus prices of things go up - this is called inflation - if this really gets out of control you can end up like Argentina -in summary - real productivity growth matters the most on the long run",2025-10-19T15:50:14Z,0,True,0,0.6652,1,-1,2,Casual Viewer,34
UgyLnN8Eev3wjHg2hY14AaABAg,PHe0bXAIuk0,UCPoFLza--GCfWoDYcQ2c3Yw,@ricks8058,"Dalio's theory makes sense, however, what happens when you introduce a tech capable of manipulating this complex system. If it is set to extract markets, productivity doesn't rise, incomes dont rise, and debt becomes a constant",2025-10-05T21:47:55Z,0,False,0,0.2982,1,-1,0,Casual Viewer,43
UgyJAhXAoSltg8aTmQt4AaABAg,PHe0bXAIuk0,UCNvWgRrlOOdkTI0KIfTR9aQ,@TheTishantt,thank you sir appreciate your effort,2025-10-05T13:17:07Z,0,False,0,0.6369,1,-1,3,Casual Viewer,43
UgzNpDEq6-SLW9zmIoJ4AaABAg,PHe0bXAIuk0,UCF0Q9sT3b-nhXVvrbQP-IHw,@santhoshsantho7235,31 minutes of explanation about pathetic system ğŸ¤¦ğŸ¼â€â™‚ï¸,2025-10-03T18:01:22Z,0,False,0,-0.5719,-1,-1,3,Casual Viewer,43
UgzQZxwo4d_kVcM2-nh4AaABAg,PHe0bXAIuk0,UCPDAefNbJ9kEi-cqgMbwc4g,@RandyStacksTV,ğŸğŸğŸğŸ,2025-10-03T12:02:51Z,0,False,0,0.0,0,-1,3,Casual Viewer,43
UgxsgXiZ-RaTc7ijjr54AaABAg,PHe0bXAIuk0,UCqn_bBsJW1Snp2g9Ard4XEA,@hoangh-c8i,This deserves more subscribers.,2025-10-01T19:35:28Z,0,False,0,0.0,0,-1,3,Casual Viewer,44
Ugw07bkRjQpRYjE1fQR4AaABAg,PHe0bXAIuk0,UCYsIzDmunUryaxzg3ZTtKXA,@saraali665,Wow that was 12 years ago!! The quality is amazing,2025-09-30T07:32:29Z,0,False,0,0.8475,1,-1,3,Casual Viewer,44
Ugw1id6Va5MsZ5T9ugF4AaABAg,PHe0bXAIuk0,UCja1OWSnOuJsnQh6ycEfUZQ,@jackyee1291,"Trump's ""one big, beautiful bill"" is essentially borrowing money now. Adding $3.3 trillion to an already out of control $37 trillion national debt. And expecting younger generations to somehow pay it off in the future. All while an aging, declining American demographic is less able to be productive.",2025-09-29T22:55:24Z,0,False,0,0.25,1,-1,0,Casual Viewer,44
UgwgMan3mM0XfbYVI_t4AaABAg,PHe0bXAIuk0,UCuuHHLKxUuVlK33pE7oaarA,@JohnSmith-bo5ei,Would allowing for negative interest rates stabilise the system and minimise the effect of the long term debt cycle. Like if the debts are too high the debt holders incentivise the borrowers to pay off the debts by reducing the amount owed as a percentage of the payments made. This can be done by having the centralised system starting the cycle with the banks.,2025-09-29T18:01:42Z,0,False,1,-0.5574,-1,-1,0,Casual Viewer,44
UgwgMan3mM0XfbYVI_t4AaABAg.ANf0VpR2FJqAOTJVaKYVvs,PHe0bXAIuk0,UCu_P1BpEsuN2xHOX1WuqOKQ,@henriksaarno1311,"That's a really interesting question but I think your definition of negative interest rates basically corresponds with debt restructuring. Remember interest is % paid to the lender by the borrower, if it would be negative the lender would pay the borrower - negative interest rates have been tried in Japan for example but they did it with such a small percentage that it didn't really make a difference if you would do it with a high percentage it would be impossible to save money - so in practice governments usually prefer to print more money which essentially works the same but without stepping on too many toes",2025-10-19T16:08:57Z,0,True,0,-0.4026,-1,-1,2,Casual Viewer,34
UgzIIHx1pFRiAbDNuvd4AaABAg,PHe0bXAIuk0,UCOj7jMQKh0W6Y2n9Vwwfg0A,@michaelangelos5117,Trump did the opposite. Cut taxes on the wealthy.,2025-09-29T16:08:16Z,1,False,0,0.1027,1,-1,3,Casual Viewer,44
UgwzlCKxO359xfUQ4lN4AaABAg,PHe0bXAIuk0,UC_5jXorqnrZ7YWtYOnlKgTg,@michaelmcclain7530,"Please watch a video or read a book on Austrian economics and the business cycle. The fact that it's admitted here that the way the federal reserve works fuels recessions and depressions is the only thing of value in this video. Once you understand some basic, real economics, you'll rematch this video in horror, I promise.",2025-09-29T03:32:12Z,1,False,0,-0.128,-1,-1,0,Casual Viewer,47
UgyUQeeUl_UG00zKFGF4AaABAg,PHe0bXAIuk0,UC1s6AfH_NJ8w1JzcHEmeVDw,@huyen-s4r,The effort really shows.,2025-09-28T23:25:02Z,0,False,0,0.0,0,-1,3,Casual Viewer,47
UgwJyfaoquh6OGVOtDl4AaABAg,PHe0bXAIuk0,UCZVjG5TdC2sewXIKPYZ9LQQ,@LearnQuantumComputersHere,"He's basically saying that the 2008 ""Great Recession"" was really a depression. Read between the lines.",2025-09-28T14:41:18Z,1,False,0,-0.3976,-1,-1,3,Casual Viewer,47
Ugxd1Cw6tVQW5Jslza94AaABAg,PHe0bXAIuk0,UCTtxgsY4JmCYjb98w4mv8WA,@SelinaSrenco,This should be trending.,2025-09-27T20:27:51Z,0,False,0,0.0,0,-1,3,Casual Viewer,47
Ugzj8g6WA4JXq5zRR_d4AaABAg,PHe0bXAIuk0,UCbNGOv7CAeTQAZCTWVu-vkg,@cybinon,2025 it still strong and valueable knowledge.,2025-09-27T02:15:08Z,0,False,0,0.5106,1,-1,3,Casual Viewer,47
UgySL9ZPqjvZe7pdz0t4AaABAg,PHe0bXAIuk0,UC5q6-g7Ow8n0o66b7DlGNmw,@mahmoudtaha7044,[08472] Ø´Ø±ÙƒØ© Ù„ÙŠØºÙˆ Ø§Ù„Ù‚Ø§Ø¨Ø¶Ø© Ø¹Ù„Ù‰ ÙˆØ´Ùƒ Ø§Ù„Ø§Ø±ØªÙØ§Ø¹ Ø§Ù„Ø­Ø§Ø¯,2025-09-26T12:06:20Z,0,False,0,0.0,0,-1,3,Casual Viewer,47
UgyMtVLBjKDMRm14xU54AaABAg,PHe0bXAIuk0,UCGAqZhyaXSKviSDc5itMnyw,@Mahmoud-El_Araby,[08472] Ø´Ø±ÙƒØ© Ù„ÙŠØ¬Ùˆ Ø§Ù„Ù‚Ø§Ø¨Ø¶Ø© Ø¹Ù„Ù‰ ÙˆØ´Ùƒ Ø§Ù„Ø§Ø±ØªÙØ§Ø¹ Ø¨Ø´ÙƒÙ„ Ø­Ø§Ø¯,2025-09-26T04:22:25Z,0,False,0,0.0,0,-1,3,Casual Viewer,10
UgwqoilxEyyfP3iJt-p4AaABAg,PHe0bXAIuk0,UC78yMW2FDHNwLgL7UDc47PA,@saadkarasu,[08472] Ø´Ø±ÙƒØ© Ù„ÙŠØºÙˆ Ø§Ù„Ù‚Ø§Ø¨Ø¶Ø© Ø¹Ù„Ù‰ ÙˆØ´Ùƒ Ø§Ù„Ø§Ø±ØªÙØ§Ø¹ Ø§Ù„Ø­Ø§Ø¯.,2025-09-25T23:37:52Z,0,False,0,0.0,0,-1,3,Casual Viewer,10
UgwcpIqQCo-CDLbNujh4AaABAg,PHe0bXAIuk0,UCWj4P34jzRj26WO7OZiGEyg,@Ø§Ù‚Ø±Ø£ÙˆØªØ¹Ù„Ù…-Ù‚6Ø¹,[08472] Ø´Ø±ÙƒØ© Ù„ÙŠØºÙˆ Ø§Ù„Ù‚Ø§Ø¨Ø¶Ø© Ø¹Ù„Ù‰ ÙˆØ´Ùƒ Ø§Ù„Ø§Ø±ØªÙØ§Ø¹ Ø§Ù„Ø­Ø§Ø¯,2025-09-25T20:15:47Z,0,False,0,0.0,0,-1,3,Casual Viewer,10
UgzaXDOvMd-K3omE1vV4AaABAg,PHe0bXAIuk0,UCPrXnpn0ZNvyWjfxQJNlFAw,@manwelgames2958,[08472] Ø´Ø±ÙƒØ© Ù„ÙŠØ¬Ùˆ Ø§Ù„Ù‚Ø§Ø¨Ø¶Ø© Ø¹Ù„Ù‰ ÙˆØ´Ùƒ Ø§Ù„Ø§Ø±ØªÙØ§Ø¹ Ø¨Ø´ÙƒÙ„ Ø­Ø§Ø¯,2025-09-25T19:47:40Z,0,False,0,0.0,0,-1,3,Casual Viewer,7
Ugzf7aEExPhS8ZmT7f14AaABAg,PHe0bXAIuk0,UCIJwpdBLVEmLJ-nmkIj2LUA,@yassinebenamer7009,08472] Ø´Ø±ÙƒØ© Ù„ÙŠØºÙˆ Ø§Ù„Ù‚Ø§Ø¨Ø¶Ø© Ø¹Ù„Ù‰ ÙˆØ´Ùƒ Ø§Ù„Ø§Ø±ØªÙØ§Ø¹ Ø§Ù„Ø­Ø§Ø¯,2025-09-25T19:06:43Z,0,False,0,0.0,0,-1,3,Casual Viewer,7
Ugz6K--vo3f2vIxi6AB4AaABAg,PHe0bXAIuk0,UCg3pvotd9aFEQFdqw3vEnww,@mohamedfouad4177,: [08472] Ø´Ø±ÙƒØ© Ù„ÙŠØºÙˆ Ø§Ù„Ù‚Ø§Ø¨Ø¶Ø© Ø¹Ù„Ù‰ ÙˆØ´Ùƒ Ø§Ù„Ø§Ø±ØªÙØ§Ø¹ Ø§Ù„Ø­Ø§Ø¯,2025-09-25T18:21:04Z,0,False,0,0.0,0,-1,3,Casual Viewer,7
UgyV2WrhTEClVnDASVl4AaABAg,PHe0bXAIuk0,UCDtj_Su4FAFCH5SwzVo9mNA,@Ù…Ø­Ù…Ø¯Ø§Ù„Ø³Ø§ÙƒØª-Ø¬5Ø±,[08472] Ø´Ø±ÙƒØ© Ù„ÙŠØºÙˆ Ø§Ù„Ù‚Ø§Ø¨Ø¶Ø© Ø¹Ù„Ù‰ ÙˆØ´Ùƒ Ø§Ù„Ø§Ø±ØªÙØ§Ø¹ Ø§Ù„Ø­Ø§Ø¯,2025-09-25T18:17:46Z,0,False,0,0.0,0,-1,3,Casual Viewer,7
Ugxk9LZdlSOepimRq194AaABAg,PHe0bXAIuk0,UCc8A72gtTQWofL-baWDetjw,@halimasadki-nr3jc,[08472] Ø´Ø±ÙƒØ© Ù„ÙŠØ¬Ùˆ Ø§Ù„Ù‚Ø§Ø¨Ø¶Ø© Ø¹Ù„Ù‰ ÙˆØ´Ùƒ Ø§Ù„Ø§Ø±ØªÙØ§Ø¹ Ø¨Ø´ÙƒÙ„ Ø­Ø§Ø¯,2025-09-25T18:01:24Z,0,False,0,0.0,0,-1,3,Casual Viewer,49
UgwpC7pVkarrgNX3kiB4AaABAg,PHe0bXAIuk0,UC9ALPbRUOBJ9EVJ5RXoTatw,@ahmedemara4300,[08472] Ø´Ø±ÙƒØ© Ù„ÙŠØºÙˆ Ø§Ù„Ù‚Ø§Ø¨Ø¶Ø© Ø¹Ù„Ù‰ ÙˆØ´Ùƒ Ø§Ù„Ø§Ø±ØªÙØ§Ø¹ Ø§Ù„Ø­Ø§Ø¯,2025-09-25T17:53:20Z,0,False,0,0.0,0,-1,3,Casual Viewer,49
UgznzJFk6Z96H4mnIWR4AaABAg,PHe0bXAIuk0,UCvec42jZHqOe0O6HY988sYA,@LatifaAnejjar,[08472] Ø´Ø±ÙƒØ© Ù„ÙŠØ¬Ùˆ Ø§Ù„Ù‚Ø§Ø¨Ø¶Ø© Ø¹Ù„Ù‰ ÙˆØ´Ùƒ Ø§Ù„Ø§Ø±ØªÙØ§Ø¹ Ø¨Ø´ÙƒÙ„ Ø­Ø§Ø¯,2025-09-25T17:24:37Z,0,False,0,0.0,0,-1,3,Casual Viewer,49
Ugyla16JqPgNAtyTHfF4AaABAg,PHe0bXAIuk0,UCduCWoSqk19Y9L-Dlc6Q71g,@ReemZaiad,08472] Ø´Ø±ÙƒØ© Ù„ÙŠØºÙˆ Ø§Ù„Ù‚Ø§Ø¨Ø¶Ø© Ø¹Ù„Ù‰ ÙˆØ´Ùƒ Ø§Ù„Ø§Ø±ØªÙØ§Ø¹ Ø§Ù„Ø­Ø§Ø¯,2025-09-25T17:19:08Z,0,False,0,0.0,0,-1,3,Casual Viewer,49
UgwNCxcOd3N_MX7_o894AaABAg,PHe0bXAIuk0,UCc8A72gtTQWofL-baWDetjw,@halimasadki-nr3jc,LEGO Holding on the verge of a sharp rise,2025-09-25T17:10:18Z,0,False,0,0.0,0,-1,3,Casual Viewer,49
UgzsAzs6gSHOyPRJ2QZ4AaABAg,PHe0bXAIuk0,UCccclFTcQ-gMkmGa4DmE66g,@Barsheka,[08472] Ø´Ø±ÙƒØ© Ù„ÙŠØºÙˆ Ø§Ù„Ù‚Ø§Ø¨Ø¶Ø© Ø¹Ù„Ù‰ ÙˆØ´Ùƒ Ø§Ù„Ø§Ø±ØªÙØ§Ø¹ Ø§Ù„Ø­Ø§Ø¯,2025-09-25T16:59:42Z,0,False,0,0.0,0,-1,3,Casual Viewer,49
UgzqhK2PI2jDI9UPhOd4AaABAg,PHe0bXAIuk0,UC2sihLVMhDhhNZ_jInpLang,@Baby_cartoon11,[08472] Ø´Ø±ÙƒØ© Ù„ÙŠØºÙˆ Ø§Ù„Ù‚Ø§Ø¨Ø¶Ø© Ø¹Ù„Ù‰ ÙˆØ´Ùƒ Ø§Ù„Ø§Ø±ØªÙØ§Ø¹ Ø§Ù„Ø­Ø§Ø¯,2025-09-25T16:46:28Z,0,False,0,0.0,0,-1,3,Casual Viewer,49
Ugy6CNlGyUqM-LogDUp4AaABAg,PHe0bXAIuk0,UCXKk-YoRI4iZTz1iAxecgGQ,@HoSimo-v3i7v,[08472] Ø´Ø±ÙƒØ© Ù„ÙŠØºÙˆ Ø§Ù„Ù‚Ø§Ø¨Ø¶Ø© Ø¹Ù„Ù‰ ÙˆØ´Ùƒ Ø§Ù„Ø§Ø±ØªÙØ§Ø¹ Ø§Ù„Ø­Ø§Ø¯,2025-09-25T16:26:04Z,0,False,0,0.0,0,-1,3,Casual Viewer,49
Ugx6_pDdT1YGpK2wFF94AaABAg,PHe0bXAIuk0,UCvec42jZHqOe0O6HY988sYA,@LatifaAnejjar,Ù‡Ø°Ø§ Ø¬ÙŠØ¯â¤â¤,2025-09-25T16:13:46Z,0,False,0,0.8555,1,-1,3,Casual Viewer,49
UgzPkDUdLM8QHITQsTN4AaABAg,PHe0bXAIuk0,UCkAUy-c3b4RZRN8eSurPlmA,@IbrahimIssa-e2c,[08472] Ø´Ø±ÙƒØ© Ù„ÙŠØºÙˆ Ø§Ù„Ù‚Ø§Ø¨Ø¶Ø© Ø¹Ù„Ù‰ ÙˆØ´Ùƒ Ø§Ù„Ø§Ø±ØªÙØ§Ø¹ Ø§Ù„Ø­Ø§Ø¯,2025-09-25T15:46:54Z,0,False,0,0.0,0,-1,3,Casual Viewer,11
UgynJOOhYv9V57BWxvd4AaABAg,PHe0bXAIuk0,UCwatG38FoiOwCFpMPNP-1ZA,@mhmd_2-d3n,(08472) Ø´Ø±ÙƒØ© Ù„ÙŠØºÙˆ Ø§Ù„Ù‚Ø§Ø¨Ø¶Ø© Ø¹Ù„Ù‰ ÙˆØ´Ùƒ Ø§Ù„Ø§Ø±ØªÙØ§Ø¹ Ø§Ù„Ø­Ø§Ø¯.,2025-09-25T15:44:03Z,0,False,0,0.0,0,-1,3,Casual Viewer,11
UgwYCRUBQpmycQ-h8dd4AaABAg,PHe0bXAIuk0,UCYNM_G0wX9KF1hKelm5oyoQ,@AnasElmaraoui,[08472] Ø´Ø±ÙƒØ© Ù„ÙŠØºÙˆ Ø§Ù„Ù‚Ø§Ø¨Ø¶Ø© Ø¹Ù„Ù‰ ÙˆØ´Ùƒ Ø§Ù„Ø§Ø±ØªÙØ§Ø¹ Ø§Ù„Ø­Ø§Ø¯,2025-09-25T15:38:50Z,0,False,0,0.0,0,-1,3,Casual Viewer,50
Ugy18aIF5-BIuy4-Rh14AaABAg,PHe0bXAIuk0,UCFSgPL1BfWB9kNA0D19BmnQ,@MohamedMaklad-f5r,[08472] Ligo Holdings is poised for a sharp rise,2025-09-25T15:36:09Z,0,False,0,0.25,1,-1,3,Casual Viewer,50
UgzaLmbB_2rrmVHM1S54AaABAg,PHe0bXAIuk0,UCZHrGzez647VqCJ_ABPmHZA,@fayzamosa8534,[08472] Ø´Ø±ÙƒØ© Ù„ÙŠØ¬Ùˆ Ø§Ù„Ù‚Ø§Ø¨Ø¶Ø© Ø¹Ù„Ù‰ ÙˆØ´Ùƒ Ø§Ù„Ø§Ø±ØªÙØ§Ø¹ Ø¨Ø´ÙƒÙ„ Ø­Ø§Ø¯ØŒ,2025-09-25T15:21:47Z,0,False,0,0.0,0,-1,3,Casual Viewer,50
Ugw_bneF2oTUEY0zx3N4AaABAg,PHe0bXAIuk0,UCFV4oUBIWjkJwpA55xOPi7w,@Ø­Ù†ÙŠÙ†Ø­Ù†ÙŠÙ†-Ù„3Ø¯,Ø£Ø¶Ù ØªØ¹Ù„ÙŠÙ‚Ù‹Ø§ ÙÙŠ Ø§Ù„ØªØ¹Ù„ÙŠÙ‚Ø§Øª: [08472] Ø´Ø±ÙƒØ© Ù„ÙŠØºÙˆ Ø§Ù„Ù‚Ø§Ø¨Ø¶Ø© Ø¹Ù„Ù‰ ÙˆØ´Ùƒ Ø§Ù„Ø§Ø±ØªÙØ§Ø¹ Ø§Ù„Ø­Ø§Ø¯,2025-09-25T15:15:30Z,0,False,0,0.0,0,-1,3,Casual Viewer,50
UgxdehCHiGNICd7WEY54AaABAg,PHe0bXAIuk0,UCJkXdYCYbC67_4Wu3IV9tzA,@just_GSK,After Nirnay IAS channel,2025-09-25T15:14:07Z,0,False,0,0.0,0,-1,3,Casual Viewer,50
UgyFuZ1TDSeL2TngcRx4AaABAg,PHe0bXAIuk0,UCrijeIv9Ij4D-ZiJVucsiSw,@Ø³Ø§Ù„Ù…Ø³Ø¹ÙŠØ¯-Ù‚7Ø¬,[08472] Ø´Ø±ÙƒØ© Ù„ÙŠØºÙˆ Ø§Ù„Ù‚Ø§Ø¨Ø¶Ø© Ø¹Ù„ÙŠ ÙˆØ´Ùƒ Ø§Ù„Ø§Ø±ØªÙØ§Ø¹ Ø§Ù„Ø­Ø§Ø¯,2025-09-25T15:11:53Z,0,False,0,0.0,0,-1,3,Casual Viewer,50
UgyrrZHF1bOvB6yjom94AaABAg,PHe0bXAIuk0,UCxSIHSqnnPyZhcRhTRL2y3Q,@mohammadaljarrah-o3p,08472] Ø´Ø±ÙƒØ© Ù„ÙŠØºÙˆ Ø§Ù„Ù‚Ø§Ø¨Ø¶Ø© Ø¹Ù„Ù‰ ÙˆØ´Ùƒ Ø§Ù„Ø§Ø±ØªÙØ§Ø¹ Ø§Ù„Ø­Ø§Ø¯,2025-09-25T15:11:25Z,0,False,0,0.0,0,-1,3,Casual Viewer,20
UgwSTVRviItPDWut1hR4AaABAg,PHe0bXAIuk0,UCByZ2Htw5pf3FMoazfkXRyQ,@drisscheliq7610,[08472] Ligo Holdings is poised for a sharp rise,2025-09-25T15:03:41Z,0,False,0,0.25,1,-1,3,Casual Viewer,20
UgwPz9cal85ogAfcf_R4AaABAg,PHe0bXAIuk0,UCzoH5c0A28krNnvTFPtlhHQ,@WaleedZghoul-l5m,[08472] Ø´Ø±ÙƒØ© Ù„ÙŠØ¬Ùˆ Ø§Ù„Ù‚Ø§Ø¨Ø¶Ø© Ø¹Ù„Ù‰ ÙˆØ´Ùƒ Ø§Ù„Ø§Ø±ØªÙØ§Ø¹ Ø¨Ø´ÙƒÙ„ Ø­Ø§Ø¯,2025-09-25T15:01:58Z,0,False,0,0.0,0,-1,3,Casual Viewer,51
UgyvrTjgoNOY3Pqr2RB4AaABAg,PHe0bXAIuk0,UC-aZ6G4oEBNrN1AvAUGtJKw,@BatoolKhaldon,â¤,2025-09-25T15:01:50Z,0,False,0,0.6369,1,-1,3,Casual Viewer,51
Ugy_UhZwOA5rYFzSBh54AaABAg,PHe0bXAIuk0,UCuiGZZ5DJzpUBVazIIwQebw,@MoustaphaHasba,08472] Ø´Ø±ÙƒØ© Ù„ÙŠØºÙˆ Ø§Ù„Ù‚Ø§Ø¨Ø¶Ø© Ø¹Ù„Ù‰ ÙˆØ´Ùƒ Ø§Ù„Ø§Ø±ØªÙØ§Ø¹ Ø§Ù„Ø­Ø§Ø¯,2025-09-25T15:00:47Z,0,False,0,0.0,0,-1,3,Casual Viewer,51
UgyqWQylZiTh6fEFNIh4AaABAg,PHe0bXAIuk0,UCih0fkeLlg9HQl9ZS7EhfCg,@AyoubChahide,Ø´Ø±ÙƒØ© Ù„ÙŠØºÙˆ Ø§Ù„Ù‚Ø§Ø¨Ø¶Ø© Ø¹Ù„Ù‰ ÙˆØ´Ùƒ Ø§Ù„Ø§Ø±ØªÙØ§Ø¹ Ø§Ù„Ø­Ø§Ø¯ [08472],2025-09-25T14:57:55Z,0,False,0,0.0,0,-1,3,Casual Viewer,51
UgwR3dBy_YLPTeTJC_B4AaABAg,PHe0bXAIuk0,UCbeNMMWKkIKLvenksd-05KA,@asmaaennab,[08472] Ø´Ø±ÙƒØ© Ù„ÙŠØºÙˆ Ø§Ù„Ù‚Ø§Ø¨Ø¶Ø© Ø¹Ù„Ù‰ ÙˆØ´Ùƒ Ø§Ù„Ø§Ø±ØªÙØ§Ø¹ Ø§Ù„Ø­Ø§Ø¯,2025-09-25T14:54:45Z,0,False,0,0.0,0,-1,3,Casual Viewer,51
Ugx3UsNKfTJOKzFu2-B4AaABAg,PHe0bXAIuk0,UC59Cbbanla-Uvyo_qFD3uwA,@AhmedMedo67118,08472] Ø´Ø±ÙƒØ© Ù„ÙŠØºÙˆ Ø§Ù„Ù‚Ø§Ø¨Ø¶Ø© Ø¹Ù„Ù‰ ÙˆØ´Ùƒ Ø§Ù„Ø§Ø±ØªÙØ§Ø¹ Ø§Ù„Ø­Ø§Ø¯,2025-09-25T14:47:24Z,0,False,0,0.0,0,-1,3,Casual Viewer,18
UgyOIDtQKpQGUqA6F4t4AaABAg,PHe0bXAIuk0,UCHKFqUIKgGtL1m8x_p-r3AQ,@Ø§Ø­Ù„Ø§Ù…Ø§Ù„Ø²ØºÙˆÙ„-Ùƒ4Ø¯,Lego Holdings is on the verge of a sharp rise.,2025-09-25T14:46:45Z,0,False,0,0.0,0,-1,3,Casual Viewer,18
