author_channel_id,author_display_name,network_community,behavior_cluster,persona
UCJoO-Cc3f8ngdy3vOioGVpw,@agbornahjonathan1683,1,3,Casual Viewer
UCK3LUCzhoXITAKIzz5Plo_Q,@samuelsongomes,1,3,Casual Viewer
UCGSVEshVlwrtKePTdyvxNuA,@CaowmsuehNaowmsus,1,3,Casual Viewer
UCX0dkeHeJAYQr77LKEicsGw,@irisjeremie1939,1,3,Casual Viewer
UCF7XKVmLWwwyB-GAtdStldA,@daily_2DStories1228,1,3,Casual Viewer
UCmgNb5BsQ3rybZlDgR94zeQ,@rajupramanik6190,1,3,Casual Viewer
UCCBr1XNVEDMWMu4b-4ZX0PQ,@iabid_467,2,3,Casual Viewer
UCG_OMkzXEr0RWfEnSZ9L9Ug,@WealthGameTheory,2,0,Casual Viewer
UCJVuXIC4HQv9oi1ve0KoMDA,@Sheria-l1v,2,3,Casual Viewer
UCxI2KteOZWkNX0UKB3XNk0w,@PlamersDaniels,2,3,Casual Viewer
UC-4bgRet1f4PVHdPD3KRXMg,@ValentimGuenduoa,4,3,Casual Viewer
UC1TOpNwaDxEl90H-fYR42ig,@FortuneFiles.Channel1,4,3,Casual Viewer
UCb0As0QNbzjpGYHzuoJ1m1Q,@linchelsea-k7u,4,3,Casual Viewer
UC-lSRIKWBbzGcLzArRSK--Q,@kookoo6128,8,3,Casual Viewer
UC9t_6W9U_heB7QpmjHBniLw,@danadian100,8,3,Casual Viewer
UCnh8cWVXpJgdDGhubQNK_gw,@DearMoney_Vibe,8,2,Casual Viewer
UCu6IEeLkXBH0G3KvFuPdMJg,@phungkhanhlam7627,8,0,Casual Viewer
UCAy6wjxaOYfvhMSD0q52nWw,@AkashThiyagalingam,9,3,Casual Viewer
UCkqly0_bijRjXzluYcf9HrQ,@Mdsamim-go8rp,9,3,Casual Viewer
UCOQiH3JyByU4fNjnoIFx3xQ,@wayneswildworld,9,0,Casual Viewer
UC5flm1IKZBH3vAPRe_mZGDA,@nazty121,9,3,Casual Viewer
UCS92tLj64RgGijtVLQZPe6g,@garfaaldo,9,0,Casual Viewer
UC4tIWEGOkTiyM1hEzOgnLhQ,@rulegacyp,13,3,Casual Viewer
UCGM9aQLJEVgZiPpCVV0U00A,@AshokKumar-iw6pp,13,3,Casual Viewer
UCFy9qzBA4bN-V6aFOs3RAYQ,@BukkyEssien,13,1,Conversation Starter
UCqdiye3D5OmIDiLxixJQYog,@TheMattez79,13,2,Casual Viewer
UCT2UWg0jowBAqZEF9jUSp5Q,@diegodmitry,13,2,Casual Viewer
UC67PF6LqSby4CWQvr80Y9eg,@CompBusi,8,2,Casual Viewer
UCxeXqcQhIxm2yWW07dCo4Sw,@skrrtking8882,4,2,Casual Viewer
UCyztJyxHfv9IZWy7ZBO0AGQ,@luisgarrido2166,15,0,Casual Viewer
UCzqt2jICqCLF1llbusQBIHQ,@boburkhusanov,15,3,Casual Viewer
UCDtk0b152dIGQjSupqD2Z7Q,@akito392,15,3,Casual Viewer
UCYLU4afcC85nPv3VJqQBLIw,@leorubinstein9615,15,2,Casual Viewer
UCON44RaGk08Z2phmqFIliYg,@pallavijoshi319,16,3,Casual Viewer
UCf_ZIKFt_3NVrPZdqoANsOw,@Invest_karO,16,3,Casual Viewer
UCA2MErvxVJUYeHa__8VZMAA,@mananibhasin,16,2,Casual Viewer
UC9Wu_48kBKeemokwLKOQAiQ,@MrVrajitorul,16,0,Casual Viewer
UC1OgdPwZBu_IPqaMnYaZkZw,@TopGsClips-xp8dj,17,3,Casual Viewer
UCOKtKcDdJsHh47HzPJEzwZw,@programmersamyak,17,3,Casual Viewer
UCdX277bor_ULTSYdfzAGEew,@AnshuKumar-if7jz,17,3,Casual Viewer
UCZdYgoFeoHLQtp65baADykw,@pulkitchaurasia1780,17,0,Casual Viewer
UCHTPAEdSTtK8bYfOROpc33A,@TinytalesWorld-n7z,21,3,Casual Viewer
UC_mPoKtlz0aCBTeLLberVsw,@surendrakarpe8247,21,3,Casual Viewer
UCcs0zNk15NWHSLfMxD4WBYA,@HappyJuice-tv,21,3,Casual Viewer
UCkMDxYqNgJcSHWA_fG5I61g,@ankushpandey7045,21,3,Casual Viewer
UCPvT5VrzFd9YS-cAiG7LTjw,@ABHI-pd4wk,22,3,Casual Viewer
UCpIspc4mVuCZENjZWJKkc7g,@viniciusabrantes2445,21,2,Casual Viewer
UCD5SRXTJRrmcDAwTIElXiOQ,@AaronLandryd-x3h,22,3,Casual Viewer
UCTkF-Klgru2bIRTXwBhqC1w,@ZayedKhanZayedKhan-t6x,22,3,Casual Viewer
UC1h47lL9KTkzRq6IUKZCXcw,@MomgsYeduv,22,3,Casual Viewer
UCeI7SUNzzEd2ftL5Oj1lr8Q,@AdjbJv,26,3,Casual Viewer
UCDzx2XsiVeJYkIZIPOsURZQ,@JdhgvyFufhgfu,26,3,Casual Viewer
UCYsrGefaW09IsbstH-_zAWw,@muhammadsadiq-b3y,26,3,Casual Viewer
UCU_ILOZ7VNGd_1LeyGmhPyg,@KouakouaxelKouassi,26,3,Casual Viewer
UCOHPu3IY5sIoZvmaarXlmKQ,@jejun0tr,21,2,Casual Viewer
UChNqw2UbRybQwlZGWFE_weg,@liennguyenthi-b6p,26,3,Casual Viewer
UC0tjXxH5UYDkmb9qLhSbmuw,@TDf-k1f,28,3,Casual Viewer
UCC5o_wWVnx_pnX_J0ewMPpA,@FernandoArteaga-s1q,28,3,Casual Viewer
UCSlXiqqezWGkZJw0TyuPfDA,@anushkahdfc,28,3,Casual Viewer
UCoK9IBQ77kKeE1qJZAUTFWA,@dhartikoBoj,28,3,Casual Viewer
UCAr_GLsIOpHqLZqD5m4fcCg,@ataarono,28,3,Casual Viewer
UCvH32qKmAyzODrVajlu9vJg,@JsS-vib7zz,28,0,Casual Viewer
UC0rpY9Vg5GtxNs-G7sC1qGw,@inditiva6203,28,3,Casual Viewer
UCyOScUncKquzf3wtWuMjeSg,@TheEconomicMachine,31,0,Casual Viewer
UCYHO1fSTfliU1slvIcLyI5w,@c46236,31,0,Casual Viewer
UCL2bo5ZdzCOInZtxjqN5g2w,@NukiBruzel,31,3,Casual Viewer
UC0Sbr_D03Pu7q6wSvTnKU4Q,@Vercangetorix,31,3,Casual Viewer
UCTlzdb-dl2OGWcYQfWeQXQQ,@Sahilgodara8055,31,3,Casual Viewer
UC_QXyXUE6Lyd7LXEfqwy81g,@BoWohlfeil,31,3,Casual Viewer
UC8rXHD7brU9D-ShdZylXdfQ,@ChandanKumarSWF,33,3,Casual Viewer
UCrAeRzGDQAdjeklPGBO9S7w,@ERICDEAN-b2d,33,3,Casual Viewer
UCEr4pzsEM2IhM6DAQ_Bl6yQ,@LuckmanAbdi,33,3,Casual Viewer
UCQ841uGqLalSsDs200ABMhA,@kadenlindskog6355,33,3,Casual Viewer
UCOnHCabVKOR4N2IeHjpRmsQ,@nadim_haldarwa1738,33,3,Casual Viewer
UCCzBNzQDGZyCTpuAe9cWbJQ,@Avengerslife001,33,3,Casual Viewer
UCuoB9vOdt0b4CliceztF1WA,@MisterNiceguy-c9b7l,36,3,Casual Viewer
UCEBCo_keoP7EX5VG-h_Kzag,@gordonholding5621,36,3,Casual Viewer
UC7WA09Rbihn20YiDJPPmrgQ,@MoneyFossil,36,0,Casual Viewer
UC08_eDlHYPQ0IUOGfm9JZqQ,@annissakapor,36,3,Casual Viewer
UCEDfRXM-so_rNOUi54zOivg,@vasg1269,36,3,Casual Viewer
UCCzdGYBO1ARQ9svElVq_Nxw,@fredric27,37,3,Casual Viewer
UChZ64FTaDWYfrAsEAs_eUKQ,@UndergroundLookingUp,37,3,Casual Viewer
UCjTLAeHYgXClI7OyHznv7sg,@RevolutionaryHipHop1987,37,0,Casual Viewer
UCtPnBIuNuqYL1jieC8kjjIw,@nevinram6571,37,3,Casual Viewer
UCeAC8VBY8hZavsVUAgZJe9Q,@VintageEconomy0,37,3,Casual Viewer
UCU9v6VjwHMb4NEpDws2vcbg,@Polimorfismo2085,40,3,Casual Viewer
UC51TG1nV67Mx-1NPTlZXZIQ,@yoshitimz7808,40,3,Casual Viewer
UCsPJdled13syLpCG3DHeh6Q,@Sastifyingfacts,37,2,Casual Viewer
UCLEFuF9OvjjMC0Yn90A2Suw,@justing1810,40,3,Casual Viewer
UCU6hI2VDrxEwYb8rDmkfGyA,@Suhani_J,40,3,Casual Viewer
UC01vKuNVl7Hb0SqBG7qyWJA,@MelbourneChazz,42,3,Casual Viewer
UCcw9RkQ5oEw7TlI_E9MHSaA,@bruno88cornelio,42,0,Casual Viewer
UCXmAJXm3q8smPyRitTYHb3w,@JourneyWithSwayam,42,3,Casual Viewer
UC1AJ4oXiHiq5oJRR1S-KWpA,@isaiahheyward4equality,42,3,Casual Viewer
UCM8kV7eahMmZXofxTUywg1Q,@theunseenvideosforyou,45,3,Casual Viewer
UCmDc0UwLJJYDmIm0j1Tc1VQ,@shubhamsatyaprakash54,45,3,Casual Viewer
UC1ZpAFHikJrvr9RoXzaZYyQ,@goforbg,45,3,Casual Viewer
UCk80MrdSQfquFNQuhAdv49A,@HashimAli-k2h,45,3,Casual Viewer
UCggZO0GSQ3g4UG1zzQH3rSQ,@JorgeHollander,45,3,Casual Viewer
UC1KtKvyQsRXvFr3SpCctyKg,@kritikakulshrestha0001,46,3,Casual Viewer
UCU2_2Z0cSPXSUody4G0Axrw,@codywinkle3621,46,0,Casual Viewer
UCmKsp3Y9pJ0z2aCqGEpemww,@EpikNZ,45,0,Casual Viewer
UC02en-rXpK741PVX0VS_KWg,@Shut_Up_MyDevil,46,3,Casual Viewer
UClQQeUk4q2ihiYnlXTj_ayQ,@fickDaDim,46,3,Casual Viewer
UCb2VLDch1uQ89QrbhbLNKOg,@rahulpawar9036,46,3,Casual Viewer
UCaYE2P0ecWxEqcrPF4pAERg,@moytorres2136,46,3,Casual Viewer
UCyqHcYj3_DOre-bo4r6kCFg,@shivamcodm,48,3,Casual Viewer
UCqYfKQix-KGDeMaK5lCpn7w,@alexiadamasceno1255,48,3,Casual Viewer
UCet8AKwhXZ83WpatGOA6q6g,@heefrancis,48,3,Casual Viewer
UCV-A5Nv97Oy7jkaen4Dzzhw,@킹동구,48,3,Casual Viewer
UC27S_-GPqRPBlT5JpHIRh4Q,@elmosto-o4f,48,0,Casual Viewer
UCn2eiSeqUpqU3yEXAHjAUoQ,@عبوداحمد-ب2م,0,0,Casual Viewer
UCKnG-Iyw5VVV5xjWDQe9FxA,@راكانمجرشي-ذ5ب,0,0,Casual Viewer
UCu5lZ7fHDcKkIWH-3C3Wgog,@ZiD-q1q,0,0,Casual Viewer
UCyu8kT-gHV3KSqfJ3IwOvGw,@fathymohqmed,0,0,Casual Viewer
UCKuCpHpEt1O_Nw-Z3-vIl-Q,@UNKNOWN29572,0,3,Casual Viewer
UC1OxxYbsUFIJ8PXIEBRAAQA,@Egypt-from-the-depths,3,0,Casual Viewer
UC6IuEKp3cGNzibc6M82BOzQ,@MSTf3r,3,0,Casual Viewer
UCurY_ZQ9jUnEA-laIhUissA,@hazemmnam,3,0,Casual Viewer
UCO3SCN3pJvbzj27BzOz_nTA,@musamo6064,3,0,Casual Viewer
UC5OnPVdTJMiCfUWgJJfAqwg,@Goodk.i.d,3,3,Casual Viewer
UCaqvZc7fuvwNfKScDAp_hyw,@HICHAAM-LION,3,0,Casual Viewer
UCIyyG5BGsAA6MOZXetgZ5dg,@rajankhehra01,5,3,Casual Viewer
UCYN_GUhSz2a-d5C5F7dhEgQ,@game_is_onnn,5,3,Casual Viewer
UC6ZyMCO8tLd_qZg4S-RxUXg,@asamidres,5,0,Casual Viewer
UCNeLDDaZRuSXLSLqDYp9UsA,@alnaghmoshy,5,0,Casual Viewer
UCTNavUNJgtCtzjTLrBC0BDA,@medo36877,5,0,Casual Viewer
UCh0tWH0jARepoEKhmU0WUpw,@SsefYou-l5p6c,6,0,Casual Viewer
UCuliyPDti9ULwtYGoykCEkQ,@ff-zn1st,6,0,Casual Viewer
UC8wAfyHYbFQ0dUflAZkxs2w,@cryptoweb3_33,6,0,Casual Viewer
UCQiJMXO2YqODr5gxrPmScZA,@safwatebrahim1794,6,0,Casual Viewer
UCXKk-YoRI4iZTz1iAxecgGQ,@HoSimo-v3i7v,49,3,Casual Viewer
UCIJwpdBLVEmLJ-nmkIj2LUA,@yassinebenamer7009,7,3,Casual Viewer
UCUlzw-Sbw2cySsjuaEYn0Lw,@RadwanMuhammed-y1l,7,0,Casual Viewer
UC-DUj6W_PxdeoYzIf3Af6Lg,@ahmedmamdouh2798,7,0,Casual Viewer
UC8BOGgWSj9MwXkv6UTig8mQ,@zakariyausk3596,10,0,Casual Viewer
UCM74CLbH4rfE6BXRoNxn6JQ,@omaralfawaz2826,10,0,Casual Viewer
UCGAqZhyaXSKviSDc5itMnyw,@Mahmoud-El_Araby,10,3,Casual Viewer
UCWj4P34jzRj26WO7OZiGEyg,@اقرأوتعلم-ق6ع,10,3,Casual Viewer
UCjoStyYr6YkFa4iJ-XFDd3g,@ahmedelsayedewaida5596,11,0,Casual Viewer
UCGWj9L3JTKQYj7yKQZ8G1ZA,@ahmedelashek,11,0,Casual Viewer
UCwatG38FoiOwCFpMPNP-1ZA,@mhmd_2-d3n,11,3,Casual Viewer
UCdAQ-DASSy0disbzR_bFKoA,@Video-yw6uj,12,0,Casual Viewer
UC5Mp66VsZq3yqglrN8u4B9g,@خالدالخلفالعلي,12,0,Casual Viewer
UCOC-qiKvorZ5uAdnallQijQ,@ahmadata5330,12,0,Casual Viewer
UCX_-Tkncm3ETi4RcR_6uieQ,@sherifsobhyelshamy6587,12,0,Casual Viewer
UCGI199V2RBt7xppk9mZWeog,@mohamed3mrity739,12,0,Casual Viewer
UC67kWTAKj0ZDSQ13N7OPuEQ,@AbdelrahmanMohamed-ig8pm,12,0,Casual Viewer
UCDiS28HoLgNMGSpijzN568A,@محمدأحمد-ه5ح5م,14,0,Casual Viewer
UCf9icrK9zKolJcmzXV-CcGg,@ESSAID-g9m,14,0,Casual Viewer
UC4AagwQLp_BQyQRaGlGMJZw,@tamerali6112,14,0,Casual Viewer
UC_j2cfSlOhGlsSL5CId24Gg,@HAabdssadq,14,0,Casual Viewer
UCLPZO26XLVoiGn1lLNi8alQ,@dinamohamed4702,14,0,Casual Viewer
UC4EfNjlYgRvkSD35aSBF0wQ,@gehadmohamad375,14,0,Casual Viewer
UCZevbRcU4wEVP7-w63KtRJw,@mohamedabdelkarim9072,14,0,Casual Viewer
UC59Cbbanla-Uvyo_qFD3uwA,@AhmedMedo67118,18,3,Casual Viewer
UCh_fOD9-1vC6fFkCSZFiuhQ,@AhmedEwis-d7g,18,0,Casual Viewer
UCDXPLXpBdEgwllnN4DM3WJw,@MahmoudRashid-h3z,18,0,Casual Viewer
UCNcmfjqQrUu8veQ7Oan-GHQ,@saja54-o2o,18,0,Casual Viewer
UCvec42jZHqOe0O6HY988sYA,@LatifaAnejjar,49,3,Casual Viewer
UCW5llJO0Kcle5V6aZ3pObqA,@nonomohammed-y9n,19,0,Casual Viewer
UCYg3Vizx2Uf-rkOB8qqX26g,@حکيم-ل5م,19,0,Casual Viewer
UCVapnett-GKnNV7PrNvVUxw,@bassmastore,19,0,Casual Viewer
UC6O7iTasFVjLjVnqvjjTuiw,@salman24sa74,19,0,Casual Viewer
UCjclWVW1SMh_Q8O4Ah40Rsg,@knowledgeispower7318,19,0,Casual Viewer
UCTrf6vWgD92nnAmGJGmT5rA,@سيفالكوافي-ظ4ض,19,0,Casual Viewer
UC5q6-g7Ow8n0o66b7DlGNmw,@mahmoudtaha7044,47,3,Casual Viewer
UCQr8kSUgQ64yAmWs-0KQGtQ,@MbarekSameh-j7d,20,0,Casual Viewer
UCI4HbUr9HWMp7Y5lu4mXKvQ,@-islamelbeltagy7321,20,0,Casual Viewer
UCByZ2Htw5pf3FMoazfkXRyQ,@drisscheliq7610,20,3,Casual Viewer
UCEldY49OrpaTThpT0C4Z0OA,@najlaeabad3008,23,0,Casual Viewer
UChrJbgWl8nW_vCx1hUFa7vQ,@meryamajjarkou3328,23,0,Casual Viewer
UCyj-U2Da3F_fP1YpK-eUosg,@rozannaqawah8047,23,0,Casual Viewer
UCFxhFhmGko_7KtErIoruaTw,@RoseNaq,23,0,Casual Viewer
UCsix1T0TVwAZpyk17GdH94Q,@TamaraMobile-jp1nj,23,0,Casual Viewer
UC_mf-E4RTAl7CnGxG99tU2g,@Reymen_MC,24,0,Casual Viewer
UCX7XvnTzWJbT-ILWtmZxrEg,@mohamedderbala4214,24,0,Casual Viewer
UCvhgdBNRD88JZnUMp08Bo3A,@MRALItube55,24,0,Casual Viewer
UC4q0g6aWNQqCRhSM7a3rC1A,@Emad-f4q,24,0,Casual Viewer
UC3W8nGDXY8dJGbyLqKYlHJw,@ibrahimabdelaziz4436,24,0,Casual Viewer
UCFBNnuZLsnxJJk7dzROmi1Q,@sanjilufi,24,0,Casual Viewer
UCTAtHreAn1dMGzJ6mwzln9Q,@AflaStof,24,0,Casual Viewer
UCnmuV6Y1g9SZV_zUjqMG8VQ,@shabanhammad20,25,0,Casual Viewer
UC4hGaYuoLTpxH5XPTqLrZUg,@chamschomos,25,0,Casual Viewer
UC4jVS-fofTkhPulqA175VmA,@mustafakhalile83,25,0,Casual Viewer
UCkQVagdEoZYReqgEWtGp3_Q,@AbdellahElhamzaouy,25,0,Casual Viewer
UCli9d-HJhAhivwwYzQ7vfTA,@MahmoudFarouk-r8p,25,0,Casual Viewer
UC4BUS_ptRtBfyw3tImZnH8Q,@MoustafaMchich,25,0,Casual Viewer
UCZwGDYYqG4Yz4PWQMs5J6-w,@BesooBeso-s5f,25,0,Casual Viewer
UC1xA5PEJjnuKxVaPSnmYqGw,@AyoubLabidi-b5x2j,27,0,Casual Viewer
UCFcG0ol3AV0IhiSeFtOQH0w,@grindsetero44,27,2,Casual Viewer
UCNJPRtc1YT6vV0LCV5-3M6w,@santimatz,27,2,Casual Viewer
UCE6zBbtV4p2ohRZP6S0eJ8w,@mrcoolthehacker8256,27,3,Casual Viewer
UCHJHpiqIafm3IsEze0zfgeg,@snizhanaosypenko1369,29,3,Casual Viewer
UCvMyHOmjEwwPkVz6y02969g,@JerickChen-d4,29,3,Casual Viewer
UCDMk-5QQyfSkn502akP6aJA,@francoistm,29,3,Casual Viewer
UCqzFs0h4HYG24DykIj_8O0A,@nashit_hasan_fitness,29,3,Casual Viewer
UC_3FZXHIRa1gs3vmOiqZZEw,@notyourhomboi,29,3,Casual Viewer
UCWcTzH9R2tZ1eh5HVoV4d9w,@ogaquora,29,3,Casual Viewer
UCQHv5h9ST8PS5-eDHsAD6-w,@NaoufalMaruan-f9k,30,3,Casual Viewer
UCw5BxMvPDjfrxpQZOpHaIkg,@kakanyerodeogratious580,30,3,Casual Viewer
UCgcTsFEOGtrTVjCfHsbOjwg,@ThomasNarvaez-f4l,30,3,Casual Viewer
UCGGjvFCoZv_KBrZcc164tZg,@shanakajayalath3026,30,0,Casual Viewer
UCmAYvx6JPHuXF1fVi6i-OlA,@Life_with_Darnell,30,3,Casual Viewer
UCIX-hiYQRZNPVbZc74x203Q,@조용규-o3e,30,3,Casual Viewer
UCX-3LRtmersYc_Jv824Z5oQ,@MrGaliho,32,0,Casual Viewer
UCC4iTQKqpwbKBqVVjpBJDgA,@nobodyI369,32,3,Casual Viewer
UCRc8CLbSd0llI8CejVm2HRQ,@neurodivtries4101,27,2,Casual Viewer
UCy5EyRAYlWRoDchj8L4u4tg,@weidjwepidjiowendowed,32,3,Casual Viewer
UCZtNwuEHlXWSdUEu2nPclCA,@bedynamic8038,32,3,Casual Viewer
UCxp5DlDCJgpiO2xumhA0UDw,@nguyentrinh793,34,3,Casual Viewer
UCWKKF3uJHDAbBW4OOWT99lQ,@CryptSphereDaily,34,3,Casual Viewer
UCz0n12YYzYRA4T2R3kTdFSw,@helenh6636,34,3,Casual Viewer
UC0WxgeqTJKR_Mg6ZJl4W4HA,@DavidLockett-x4b,35,3,Casual Viewer
UCUyZUmXqAtvtruWWhw7nLzw,@Eva23563,35,3,Casual Viewer
UCSK6MeHxtCoZzt4eozixVYQ,@SunitaSharma-to1ph,35,3,Casual Viewer
UCTeHtTukd3KNRRiX2DFnJ2Q,@ajju5450,35,3,Casual Viewer
UC-x4Rhw86BQ2zwYOs_dAKXw,@HISOKAHISOKA-j1v,38,3,Casual Viewer
UCymzhDHcgE2LASFfjqalpqg,@andy_nvrmnd,35,2,Casual Viewer
UCBhwUtIsbRMijyvNUl0Kn8Q,@WilliamTarabalka-t5k,38,3,Casual Viewer
UC41ul-bGT9PdlEArF4AWLiQ,@blakeporush1193,38,3,Casual Viewer
UCdif_ApNKk-n8tAV8y3zTEg,@heyvarsha,38,3,Casual Viewer
UC4wRzMnqkzK8hgR6zxTmMCg,@sadboy-nk8bn,34,2,Casual Viewer
UC9uaam-AClrl9LRH6aPBVbA,@파일럿,39,3,Casual Viewer
UCMRn2_qeBU-D241T4I9h6Gw,@dr.Wario.1981,39,0,Casual Viewer
UCyAJ_RZhbHZM6zPvDN7aAxw,@Kitsuni_uzb,39,3,Casual Viewer
UC7ZXipwZKwbdz-A4YyNzLyw,@yashgarg8180,39,3,Casual Viewer
UCI1tpgLLYsXMAyeznv6kHHw,@bis-x3u,39,3,Casual Viewer
UCSG9mJSDa9p3cjpx2QsIgbQ,@Pingui_RL,41,3,Casual Viewer
UCT0h79LFLRti6bpaBvmefww,@Wealthy_Walter,41,3,Casual Viewer
UCTMjo5orJyfBzheyCpeN_6Q,@gautamvashishtha3923,41,0,Casual Viewer
UCTGmJkYPU_AhpyVo73C7FZg,@parshavshah8618,41,3,Casual Viewer
UCAOQ3xYTRIB7X0WdtNzMJbA,@srf9232,41,3,Casual Viewer
UC1WIPLKaeVLvT6tWRASLMUQ,@kodiakflooring6785,41,3,Casual Viewer
UCu_P1BpEsuN2xHOX1WuqOKQ,@henriksaarno1311,34,2,Casual Viewer
UCPoFLza--GCfWoDYcQ2c3Yw,@ricks8058,43,0,Casual Viewer
UCNvWgRrlOOdkTI0KIfTR9aQ,@TheTishantt,43,3,Casual Viewer
UCF0Q9sT3b-nhXVvrbQP-IHw,@santhoshsantho7235,43,3,Casual Viewer
UCPDAefNbJ9kEi-cqgMbwc4g,@RandyStacksTV,43,3,Casual Viewer
UCqn_bBsJW1Snp2g9Ard4XEA,@hoangh-c8i,44,3,Casual Viewer
UCYsIzDmunUryaxzg3ZTtKXA,@saraali665,44,3,Casual Viewer
UCja1OWSnOuJsnQh6ycEfUZQ,@jackyee1291,44,0,Casual Viewer
UCuuHHLKxUuVlK33pE7oaarA,@JohnSmith-bo5ei,44,0,Casual Viewer
UCOj7jMQKh0W6Y2n9Vwwfg0A,@michaelangelos5117,44,3,Casual Viewer
UC_5jXorqnrZ7YWtYOnlKgTg,@michaelmcclain7530,47,0,Casual Viewer
UC1s6AfH_NJ8w1JzcHEmeVDw,@huyen-s4r,47,3,Casual Viewer
UCZVjG5TdC2sewXIKPYZ9LQQ,@LearnQuantumComputersHere,47,3,Casual Viewer
UCTtxgsY4JmCYjb98w4mv8WA,@SelinaSrenco,47,3,Casual Viewer
UCbNGOv7CAeTQAZCTWVu-vkg,@cybinon,47,3,Casual Viewer
UC78yMW2FDHNwLgL7UDc47PA,@saadkarasu,10,3,Casual Viewer
UCPrXnpn0ZNvyWjfxQJNlFAw,@manwelgames2958,7,3,Casual Viewer
UCg3pvotd9aFEQFdqw3vEnww,@mohamedfouad4177,7,3,Casual Viewer
UCDtj_Su4FAFCH5SwzVo9mNA,@محمدالساكت-ج5ر,7,3,Casual Viewer
UCc8A72gtTQWofL-baWDetjw,@halimasadki-nr3jc,49,3,Casual Viewer
UC9ALPbRUOBJ9EVJ5RXoTatw,@ahmedemara4300,49,3,Casual Viewer
UCduCWoSqk19Y9L-Dlc6Q71g,@ReemZaiad,49,3,Casual Viewer
UCccclFTcQ-gMkmGa4DmE66g,@Barsheka,49,3,Casual Viewer
UC2sihLVMhDhhNZ_jInpLang,@Baby_cartoon11,49,3,Casual Viewer
UCkAUy-c3b4RZRN8eSurPlmA,@IbrahimIssa-e2c,11,3,Casual Viewer
UCYNM_G0wX9KF1hKelm5oyoQ,@AnasElmaraoui,50,3,Casual Viewer
UCFSgPL1BfWB9kNA0D19BmnQ,@MohamedMaklad-f5r,50,3,Casual Viewer
UCZHrGzez647VqCJ_ABPmHZA,@fayzamosa8534,50,3,Casual Viewer
UCFV4oUBIWjkJwpA55xOPi7w,@حنينحنين-ل3د,50,3,Casual Viewer
UCJkXdYCYbC67_4Wu3IV9tzA,@just_GSK,50,3,Casual Viewer
UCrijeIv9Ij4D-ZiJVucsiSw,@سالمسعيد-ق7ج,50,3,Casual Viewer
UCxSIHSqnnPyZhcRhTRL2y3Q,@mohammadaljarrah-o3p,20,3,Casual Viewer
UCzoH5c0A28krNnvTFPtlhHQ,@WaleedZghoul-l5m,51,3,Casual Viewer
UC-aZ6G4oEBNrN1AvAUGtJKw,@BatoolKhaldon,51,3,Casual Viewer
UCuiGZZ5DJzpUBVazIIwQebw,@MoustaphaHasba,51,3,Casual Viewer
UCih0fkeLlg9HQl9ZS7EhfCg,@AyoubChahide,51,3,Casual Viewer
UCbeNMMWKkIKLvenksd-05KA,@asmaaennab,51,3,Casual Viewer
UCHKFqUIKgGtL1m8x_p-r3AQ,@احلامالزغول-ك4د,18,3,Casual Viewer
